timestamp,sensor_1,sensor_2,sensor_3,sensor_4,sensor_5,sensor_6,sensor_7,sensor_8,sensor_9,sensor_10,sensor_11,sensor_12,health_status
2025-01-01T00:00:00,49.664,50.794,58.067,58.388,58.334,58.889,62.395,63.474,65.627,,69.161,70.05,0
2025-01-01T00:01:00,50.01,53.397,53.129,52.928,57.287,61.332,63.485,65.128,70.193,69.941,70.832,72.691,0
2025-01-01T00:02:00,50.535,,54.845,,58.518,59.344,60.517,63.762,,69.042,72.569,71.56,0
2025-01-01T00:03:00,52.225,53.708,57.448,57.022,60.175,,81.625,64.261,67.181,70.013,68.091,72.897,0
2025-01-01T00:04:00,55.273,52.346,56.142,57.977,,62.859,63.873,63.805,64.347,70.055,70.249,73.547,0
2025-01-01T00:05:00,52.14,51.736,58.934,57.533,60.422,62.628,62.966,66.601,66.508,68.868,70.706,73.195,0
2025-01-01T00:06:00,51.465,52.017,59.14,59.728,60.485,60.668,68.014,68.867,,67.238,73.943,71.959,0
2025-01-01T00:07:00,50.798,57.486,55.935,59.138,63.801,60.801,62.954,86.411,,90.53,73.399,72.894,0
2025-01-01T00:08:00,,57.745,55.555,58.813,60.811,63.016,64.487,65.661,69.325,69.676,73.45,76.035,0
2025-01-01T00:09:00,51.972,55.346,59.531,59.542,64.917,64.579,67.47,65.185,68.216,71.852,72.455,72.104,0
2025-01-01T00:10:00,55.977,54.404,60.345,60.778,64.367,63.598,47.094,67.545,68.885,73.083,77.163,,0
2025-01-01T00:11:00,57.23,56.969,57.618,60.549,62.464,66.108,66.394,65.066,69.504,75.167,70.035,74.02,0
2025-01-01T00:12:00,59.601,59.488,,61.933,63.111,65.134,66.357,68.43,71.969,,70.556,76.564,0
2025-01-01T00:13:00,57.567,,58.826,63.568,65.191,65.601,69.918,68.66,68.624,75.094,74.566,79.046,0
2025-01-01T00:14:00,59.212,60.084,61.133,63.722,,65.704,71.157,68.675,73.147,71.229,76.185,77.988,0
2025-01-01T00:15:00,57.4,58.759,61.207,64.716,66.206,64.819,68.828,90.379,71.021,75.327,75.773,78.603,0
2025-01-01T00:16:00,58.914,60.91,62.199,65.883,65.062,67.139,66.614,68.737,,76.805,77.85,78.927,0
2025-01-01T00:17:00,56.901,58.497,62.667,,65.888,69.89,68.291,69.57,74.343,74.314,76.235,74.682,0
2025-01-01T00:18:00,56.662,60.823,64.283,62.642,67.934,65.408,69.049,68.361,74.201,73.083,77.351,77.07,0
2025-01-01T00:19:00,60.918,63.997,64.329,65.889,66.407,67.824,65.971,70.363,74.779,74.9,77.481,77.99,0
2025-01-01T00:20:00,61.167,,63.261,62.995,64.572,67.554,69.011,71.038,70.476,,77.674,80.013,0
2025-01-01T00:21:00,58.948,61.415,61.573,,,68.357,69.265,72.816,72.471,74.229,77.765,78.476,0
2025-01-01T00:22:00,58.392,61.116,61.391,66.144,68.727,70.129,70.781,70.749,73.888,,75.378,78.462,0
2025-01-01T00:23:00,61.484,61.782,62.306,65.887,65.741,68.132,68.652,,73.973,73.4,78.525,81.529,0
2025-01-01T00:24:00,59.371,62.621,65.225,65.848,64.448,68.671,70.561,74.686,73.916,77.122,99.802,80.472,0
2025-01-01T00:25:00,58.879,61.576,62.8,66.733,,69.285,69.57,71.352,74.786,79.076,78.806,80.6,0
2025-01-01T00:26:00,,57.593,65.715,65.966,68.421,70.882,70.215,73.355,77.116,77.197,77.437,80.335,0
2025-01-01T00:27:00,59.941,63.259,64.706,67.238,,71.2,68.851,73.963,73.661,77.04,75.876,80.408,0
2025-01-01T00:28:00,59.318,,63.702,64.153,67.925,71.39,70.813,75.087,75.048,77.854,79.218,79.506,0
2025-01-01T00:29:00,61.892,63.407,65.946,65.193,65.672,,73.472,,76.699,75.661,78.182,,0
2025-01-01T00:30:00,58.787,61.897,66.275,66.759,68.529,68.655,73.933,75.735,73.875,77.809,80.119,80.963,0
2025-01-01T00:31:00,58.509,59.687,63.418,66.261,68.34,72.277,74.093,74.815,76.175,79.518,79.164,79.319,0
2025-01-01T00:32:00,59.309,61.422,64.356,62.859,67.402,71.357,75.601,74.979,75.394,77.737,79.28,81.275,0
2025-01-01T00:33:00,57.57,,62.378,67.615,68.924,69.808,71.049,72.836,78.448,79.385,76.342,79.566,0
2025-01-01T00:34:00,58.66,58.794,64.287,66.4,67.152,69.466,71.614,74.116,76.817,80.33,76.542,,0
2025-01-01T00:35:00,57.75,61.016,61.262,64.797,68.607,69.667,70.411,73.72,72.733,,80.299,82.649,0
2025-01-01T00:36:00,61.032,60.574,66.061,64.131,65.019,67.905,70.234,71.541,78.515,76.231,78.272,82.942,0
2025-01-01T00:37:00,57.477,61.228,62.855,67.948,68.407,68.347,73.236,76.345,75.718,77.877,81.079,,0
2025-01-01T00:38:00,57.321,59.401,43.16,65.765,,69.575,71.863,73.338,73.088,78.529,79.89,82.047,0
2025-01-01T00:39:00,54.948,60.611,83.015,65.699,,70.522,72.044,73.51,77.413,77.854,79.726,85.174,0
2025-01-01T00:40:00,53.603,61.174,60.564,65.316,68.524,70.008,73.264,73.903,77.312,77.913,82.172,77.757,0
2025-01-01T00:41:00,54.656,58.568,60.613,63.226,67.383,69.214,71.312,73.109,77.317,76.909,80.725,82.585,0
2025-01-01T00:42:00,55.059,57.866,61.025,64.507,66.912,71.686,71.893,73.305,75.624,76.584,82.713,80.707,0
2025-01-01T00:43:00,53.477,56.382,59.691,65.782,64.69,47.703,71.497,72.849,74.752,76.314,79.68,80.538,0
2025-01-01T00:44:00,53.391,56.62,60.648,63.104,66.4,,69.691,71.637,74.857,80.548,77.555,80.688,0
2025-01-01T00:45:00,54.449,58.786,57.822,63.325,64.301,68.41,,75.368,77.455,77.784,79.655,82.987,0
2025-01-01T00:46:00,54.063,56.394,55.757,62.632,66.387,67.275,71.832,73.796,74.112,77.324,80.865,82.21,0
2025-01-01T00:47:00,49.733,54.056,59.866,61.955,69.033,68.437,70.88,76.558,77.418,76.371,79.572,80.776,0
2025-01-01T00:48:00,52.969,54.457,59.898,61.587,66.25,69.049,72.355,72.818,74.891,77.554,78.06,82.74,0
2025-01-01T00:49:00,51.918,53.964,58.584,61.51,64.941,69.49,68.357,70.92,76.21,78.231,82.543,80.574,0
2025-01-01T00:50:00,51.869,55.372,57.239,58.817,63.589,65.44,70.598,72.835,73.904,79.518,77.16,82.918,0
2025-01-01T00:51:00,51.922,53.653,57.225,62.082,63.142,64.735,68.42,,75.969,78.674,81.934,82.44,0
2025-01-01T00:52:00,50.392,55.475,55.938,59.541,63.612,64.786,71.406,71.433,72.349,80.273,81.61,82.223,0
2025-01-01T00:53:00,,54.542,54.44,59.759,62.933,66.683,67.96,72.999,76.767,76.489,81.726,,0
2025-01-01T00:54:00,47.279,52.269,56.831,60.036,,64.651,,72.693,72.952,76.706,79.129,82.303,0
2025-01-01T00:55:00,47.425,50.591,54.577,59.435,62.041,67.707,68.932,70.972,76.504,75.593,77.362,81.908,0
2025-01-01T00:56:00,49.063,51.1,54.359,58.272,64.129,65.325,69.893,,73.562,76.337,78.964,82.17,0
2025-01-01T00:57:00,45.225,51.147,55.696,57.042,60.329,64.183,67.969,69.542,73.107,77.523,78.829,81.572,0
2025-01-01T00:58:00,43.517,52.048,53.283,60.006,60.075,,66.543,70.941,72.413,77.764,79.23,81.547,0
2025-01-01T00:59:00,46.336,48.308,51.432,57.629,60.024,65.954,66.686,69.912,74.204,75.557,79.198,81.89,0
2025-01-01T01:00:00,43.371,50.444,51.388,58.93,58.702,65.106,67.625,,74.727,74.26,77.217,80.72,0
2025-01-01T01:01:00,45.274,47.982,53.494,55.755,60.828,,64.398,68.885,74.798,,78.724,78.79,0
2025-01-01T01:02:00,43.626,48.162,49.854,54.835,57.329,64.472,69.107,70.945,72.876,74.323,72.741,81.441,0
2025-01-01T01:03:00,42.393,44.632,49.484,55.527,57.466,58.053,65.505,65.951,74.208,76.307,76.269,78.413,0
2025-01-01T01:04:00,42.049,51.108,51.731,55.188,58.3,61.21,64.135,67.622,71.886,,75.408,82.088,0
2025-01-01T01:05:00,21.401,43.96,52.972,54.228,57.882,59.015,66.981,66.397,70.484,74.692,75.103,81.552,0
2025-01-01T01:06:00,40.391,43.193,50.47,54.292,55.5,61.862,66.505,66.592,71.028,74.399,75.925,80.001,0
2025-01-01T01:07:00,41.71,,51.066,49.221,54.079,58.569,63.029,67.243,70.983,75.215,78.087,77.898,0
2025-01-01T01:08:00,,45.512,48.806,54.716,56.819,60.728,66.51,67.827,73.494,72.969,76.405,79.628,0
2025-01-01T01:09:00,40.817,44.341,49.796,32.489,57.708,55.758,61.387,66.536,69.162,72.915,77.194,80.155,0
2025-01-01T01:10:00,41.102,45.015,47.63,51.819,56.761,59.857,63.904,62.553,69.363,74.196,77.335,75.655,0
2025-01-01T01:11:00,42.85,43.46,49.454,52.835,57.473,57.483,62.036,67.937,70.11,69.712,76.842,80.156,0
2025-01-01T01:12:00,,,46.077,51.553,,61.444,60.932,64.351,69.878,71.077,75.38,75.127,0
2025-01-01T01:13:00,38.951,42.715,44.572,48.824,52.133,58.954,60.98,68.186,65.17,70.118,74.734,78.15,0
2025-01-01T01:14:00,42.228,44.416,,48.813,53.035,56.908,,64.172,66.256,73.29,73.608,77.319,0
2025-01-01T01:15:00,39.371,39.205,46.186,48.18,53.787,54.472,58.16,64.323,66.455,72.969,73.34,77.066,0
2025-01-01T01:16:00,40.012,44.762,46.239,49.209,51.791,56.234,61.169,,67.082,71.926,75.869,77.72,0
2025-01-01T01:17:00,39.923,42.249,46.494,47.088,72.501,56.308,59.609,63.0,68.522,70.375,73.191,75.983,0
2025-01-01T01:18:00,37.406,40.513,45.476,49.792,54.298,58.394,,60.395,67.995,68.974,53.536,77.074,0
2025-01-01T01:19:00,40.197,44.689,,49.135,52.164,56.595,57.129,60.19,65.445,69.367,73.79,75.21,0
2025-01-01T01:20:00,38.696,42.732,43.986,47.429,50.975,56.857,58.953,,68.633,68.65,71.327,74.484,0
2025-01-01T01:21:00,39.776,45.772,43.902,47.105,52.847,52.999,58.382,60.263,65.131,68.994,71.85,74.793,0
2025-01-01T01:22:00,39.34,45.601,48.355,47.165,50.696,52.424,57.041,61.021,63.154,68.667,70.948,73.693,0
2025-01-01T01:23:00,43.818,,46.436,48.617,48.757,55.895,58.595,59.235,63.975,66.661,68.804,74.352,0
2025-01-01T01:24:00,,40.9,41.649,47.481,49.469,53.428,57.758,,67.102,69.114,72.678,72.124,0
2025-01-01T01:25:00,43.339,42.409,45.243,46.752,51.64,53.428,57.207,59.009,,69.649,71.506,72.733,0
2025-01-01T01:26:00,44.46,,42.985,46.755,47.115,53.799,55.786,59.519,65.23,46.331,70.121,72.274,0
2025-01-01T01:27:00,45.0,43.168,42.119,45.858,47.922,51.391,55.324,58.035,81.573,65.345,69.015,,0
2025-01-01T01:28:00,43.15,46.61,44.385,48.392,48.874,50.73,57.348,58.811,64.239,67.217,69.969,72.108,0
2025-01-01T01:29:00,43.617,44.631,44.686,44.476,48.958,54.333,54.934,59.515,59.303,66.42,67.321,72.674,0
2025-01-01T01:30:00,44.182,43.073,42.791,,47.84,49.819,56.312,58.912,61.307,61.997,69.699,69.934,0
2025-01-01T01:31:00,43.504,46.411,46.163,45.248,47.731,52.247,51.961,57.512,60.01,66.888,69.012,73.145,0
2025-01-01T01:32:00,46.227,43.487,44.067,46.339,50.029,49.134,52.344,56.178,63.384,64.657,66.913,72.353,0
2025-01-01T01:33:00,44.044,46.711,43.657,46.842,49.121,52.81,54.659,,61.533,66.492,66.489,69.217,0
2025-01-01T01:34:00,46.8,42.749,45.879,45.365,46.656,,34.028,55.564,62.137,63.495,68.132,70.72,0
2025-01-01T01:35:00,46.097,,46.647,45.476,48.032,50.483,50.401,56.104,58.81,63.672,67.114,68.992,0
2025-01-01T01:36:00,46.051,47.732,44.804,46.57,46.118,48.719,51.455,57.744,61.407,63.31,65.541,,0
2025-01-01T01:37:00,29.768,44.764,,49.61,47.166,49.121,51.971,56.97,58.723,60.436,,67.836,0
2025-01-01T01:38:00,49.915,48.994,45.29,44.899,49.408,52.319,53.637,55.389,58.792,63.092,66.028,67.627,0
2025-01-01T01:39:00,48.852,48.696,45.494,46.39,46.526,30.288,53.968,55.233,59.054,61.558,63.899,68.12,0
2025-01-01T01:40:00,50.381,47.583,48.02,49.121,47.379,49.918,55.232,56.515,58.065,62.849,65.201,66.322,0
2025-01-01T01:41:00,51.366,46.544,49.049,45.472,49.637,49.415,,55.993,56.935,59.617,62.909,67.184,0
2025-01-01T01:42:00,51.935,48.493,49.246,46.756,50.119,,,54.11,58.399,60.044,,66.77,0
2025-01-01T01:43:00,50.735,49.822,49.554,46.285,48.068,51.437,50.882,75.487,57.853,81.803,66.673,66.977,0
2025-01-01T01:44:00,52.994,30.568,50.52,49.826,51.928,50.817,51.697,54.811,57.45,57.855,63.907,68.331,0
2025-01-01T01:45:00,53.725,53.353,51.628,50.039,49.57,50.211,51.339,56.72,55.139,59.654,64.429,65.655,0
2025-01-01T01:46:00,52.163,53.385,52.257,49.624,50.733,50.786,52.435,53.941,55.455,59.616,63.787,65.364,0
2025-01-01T01:47:00,52.235,51.079,48.083,49.809,51.311,48.773,51.26,50.295,56.508,59.581,,65.508,0
2025-01-01T01:48:00,57.63,53.943,53.284,47.507,53.199,50.059,52.587,53.032,58.271,60.295,61.93,65.684,0
2025-01-01T01:49:00,53.972,53.855,49.932,49.737,49.965,48.219,52.603,54.87,,59.542,65.164,66.574,0
2025-01-01T01:50:00,57.121,53.896,52.358,51.772,48.646,50.765,52.562,55.011,54.71,40.189,62.638,65.357,0
2025-01-01T01:51:00,,55.997,52.374,49.269,49.223,50.287,53.471,54.306,54.875,58.884,,64.833,0
2025-01-01T01:52:00,55.476,,50.736,52.023,54.753,51.718,51.02,53.48,56.811,,41.731,63.602,0
2025-01-01T01:53:00,55.609,54.881,54.763,52.224,50.662,,52.981,53.201,58.847,62.609,60.875,66.297,0
2025-01-01T01:54:00,57.347,56.398,55.87,53.558,53.097,51.909,54.201,56.637,55.036,58.037,60.722,64.368,0
2025-01-01T01:55:00,57.247,56.763,54.295,51.006,54.145,51.971,54.04,54.37,56.439,57.91,60.985,63.807,0
2025-01-01T01:56:00,60.054,59.689,53.909,53.769,54.385,53.704,34.689,56.724,55.877,57.83,,,0
2025-01-01T01:57:00,59.981,81.397,,54.452,50.696,53.99,54.913,51.616,55.351,59.842,61.115,65.206,0
2025-01-01T01:58:00,61.354,,55.951,55.712,54.252,53.165,50.124,52.715,59.059,,61.705,61.742,0
2025-01-01T01:59:00,59.479,58.543,,56.549,52.118,54.45,53.319,57.267,54.998,60.183,61.756,64.397,0
2025-01-01T02:00:00,59.243,60.742,56.792,54.908,54.082,55.429,52.452,56.336,55.139,58.68,63.293,63.547,0
2025-01-01T02:01:00,61.278,59.873,59.868,56.691,54.807,54.085,55.197,54.625,56.239,57.486,64.788,61.379,0
2025-01-01T02:02:00,60.429,,62.007,56.938,55.514,54.39,53.535,57.177,57.452,56.803,60.789,64.091,0
2025-01-01T02:03:00,62.053,,57.704,55.558,57.269,57.384,54.278,55.179,55.61,58.641,63.43,63.627,0
2025-01-01T02:04:00,59.268,63.825,58.686,56.21,56.106,55.493,57.398,,59.635,55.916,57.197,65.345,0
2025-01-01T02:05:00,59.926,59.111,63.789,59.02,56.289,55.474,55.359,56.961,58.064,59.318,60.359,62.346,0
2025-01-01T02:06:00,64.275,60.805,61.324,59.696,57.728,57.837,,57.73,58.245,57.531,59.31,62.555,0
2025-01-01T02:07:00,59.641,61.139,60.973,60.681,59.576,,56.278,57.373,59.193,60.082,61.838,61.962,0
2025-01-01T02:08:00,60.474,60.755,63.92,64.226,59.569,56.991,58.049,57.73,58.613,61.336,60.035,62.419,0
2025-01-01T02:09:00,58.82,62.143,84.263,58.881,59.143,58.855,56.079,55.73,59.379,57.816,,60.376,0
2025-01-01T02:10:00,61.057,62.798,62.488,60.947,60.892,57.86,56.476,,58.971,57.81,59.911,62.599,0
2025-01-01T02:11:00,60.228,64.138,60.745,60.382,60.646,59.275,58.496,59.562,53.875,57.026,60.625,61.367,0
2025-01-01T02:12:00,61.289,63.156,62.459,64.665,63.481,54.97,57.727,56.718,57.0,59.139,60.544,60.618,0
2025-01-01T02:13:00,,60.625,63.397,57.806,62.134,57.121,59.288,57.743,55.155,60.065,60.051,64.168,0
2025-01-01T02:14:00,58.431,62.702,64.067,61.565,60.622,59.656,58.335,57.23,58.524,58.01,58.879,61.508,0
2025-01-01T02:15:00,60.018,63.018,64.773,63.407,63.431,60.083,58.099,57.038,56.564,61.91,58.46,61.375,0
2025-01-01T02:16:00,60.124,63.665,61.903,60.636,64.576,59.772,60.083,58.226,60.812,57.966,58.809,64.326,0
2025-01-01T02:17:00,59.43,62.96,61.015,66.029,63.193,60.392,64.109,58.648,60.049,59.226,62.943,66.47,0
2025-01-01T02:18:00,55.335,61.592,65.802,62.146,,61.385,59.268,57.26,,59.657,61.66,64.143,0
2025-01-01T02:19:00,56.702,60.881,63.688,63.422,65.055,62.944,58.594,60.947,59.77,59.336,80.551,65.368,0
2025-01-01T02:20:00,56.002,,67.459,64.318,63.401,63.452,62.986,59.536,63.444,57.789,40.096,64.03,0
2025-01-01T02:21:00,,60.201,64.364,62.658,60.818,65.301,63.148,62.438,61.741,60.486,63.496,60.864,0
2025-01-01T02:22:00,54.731,58.702,64.569,64.429,64.213,61.471,65.036,61.759,59.464,62.106,58.664,63.724,0
2025-01-01T02:23:00,56.048,61.69,63.729,66.958,65.362,60.939,61.666,59.442,63.751,60.352,61.815,64.519,0
2025-01-01T02:24:00,53.552,59.313,,62.797,64.475,66.643,64.55,63.958,,61.407,61.298,81.548,0
2025-01-01T02:25:00,51.646,57.61,63.555,,66.668,61.297,64.146,62.826,63.02,61.348,,63.483,0
2025-01-01T02:26:00,54.04,56.148,62.755,65.431,67.877,65.526,63.665,62.571,62.245,63.449,59.009,63.059,0
2025-01-01T02:27:00,52.619,60.923,,64.127,65.31,67.008,63.717,62.898,65.477,63.346,59.668,67.931,0
2025-01-01T02:28:00,52.123,61.101,83.015,84.903,67.711,65.197,65.006,62.879,61.123,67.118,61.933,65.302,0
2025-01-01T02:29:00,52.383,59.82,66.674,65.74,68.703,65.543,64.923,62.172,61.788,64.723,61.08,64.625,0
2025-01-01T02:30:00,47.987,59.023,66.067,64.65,68.115,64.394,65.997,63.687,65.641,64.408,62.832,65.296,0
2025-01-01T02:31:00,47.99,57.946,63.015,69.45,65.073,63.16,84.952,68.383,65.153,65.746,63.112,65.837,0
2025-01-01T02:32:00,47.342,61.009,62.355,65.235,65.394,70.806,70.064,66.134,62.014,65.767,63.608,65.766,0
2025-01-01T02:33:00,46.622,56.633,,66.998,67.446,67.607,67.74,,65.402,61.428,63.418,64.615,0
2025-01-01T02:34:00,49.367,52.334,,,68.173,,68.675,68.221,65.923,65.183,63.872,65.611,0
2025-01-01T02:35:00,48.217,54.884,61.513,66.653,68.778,67.812,,63.785,64.529,63.987,61.894,63.846,0
2025-01-01T02:36:00,27.912,54.994,62.431,66.411,68.336,69.282,68.79,66.195,67.384,67.063,65.565,,0
2025-01-01T02:37:00,45.449,56.072,61.096,67.265,68.548,67.712,68.947,66.491,68.63,65.571,65.831,67.148,0
2025-01-01T02:38:00,45.476,55.545,,68.719,68.534,72.049,,69.435,66.034,64.758,67.901,65.927,0
2025-01-01T02:39:00,45.54,52.44,62.482,65.548,67.911,68.66,68.518,,68.618,65.724,67.558,66.076,0
2025-01-01T02:40:00,45.754,53.761,60.445,64.747,66.0,69.176,70.001,65.657,87.241,68.165,,68.802,0
2025-01-01T02:41:00,44.696,52.614,59.706,64.988,66.541,,71.043,68.905,67.003,68.962,66.995,66.122,0
2025-01-01T02:42:00,42.562,51.47,58.48,62.179,69.647,71.534,71.898,69.777,71.077,,,87.626,0
2025-01-01T02:43:00,44.728,50.826,60.704,65.329,66.711,69.6,72.297,68.671,68.289,,65.872,67.812,0
2025-01-01T02:44:00,41.825,48.859,58.327,64.51,69.52,67.297,71.696,72.171,,69.563,67.267,,0
2025-01-01T02:45:00,41.989,50.601,58.055,62.674,66.928,69.896,70.528,70.675,68.442,69.777,68.733,67.318,0
2025-01-01T02:46:00,44.58,49.77,56.294,62.14,68.259,70.942,73.353,72.114,71.627,70.363,67.8,70.9,0
2025-01-01T02:47:00,42.825,48.143,54.977,62.165,66.711,71.999,70.882,70.518,70.168,69.649,69.623,66.818,0
2025-01-01T02:48:00,40.017,47.313,56.567,62.679,70.272,71.479,69.54,70.814,71.174,70.43,51.032,69.405,0
2025-01-01T02:49:00,41.296,48.146,55.883,62.688,64.487,70.047,72.805,72.84,72.846,70.039,69.411,69.406,0
2025-01-01T02:50:00,40.825,45.482,55.428,60.015,68.699,72.756,73.551,71.572,72.704,72.568,70.941,70.107,0
2025-01-01T02:51:00,42.629,49.602,54.227,62.439,67.204,71.239,74.273,72.768,71.05,73.477,70.838,69.878,0
2025-01-01T02:52:00,41.703,45.612,54.578,62.311,68.613,71.551,69.666,72.274,73.14,72.298,71.546,72.55,0
2025-01-01T02:53:00,41.618,46.536,52.864,43.255,67.598,69.793,74.925,71.808,70.925,73.349,70.404,71.43,0
2025-01-01T02:54:00,39.44,45.252,,59.624,66.484,,71.89,69.698,,70.681,71.032,71.493,0
2025-01-01T02:55:00,40.101,43.005,50.974,59.45,65.076,73.237,71.942,,74.043,72.587,,70.934,0
2025-01-01T02:56:00,40.132,45.489,53.211,58.066,67.231,68.554,71.818,75.099,72.087,73.513,70.508,71.021,0
2025-01-01T02:57:00,,43.711,53.55,60.417,66.542,67.716,72.629,73.232,75.054,72.655,70.697,73.569,0
2025-01-01T02:58:00,41.197,45.221,50.741,57.013,,72.279,,73.685,72.382,76.22,73.809,73.236,0
2025-01-01T02:59:00,39.261,43.341,49.669,59.303,65.902,71.589,74.069,76.011,76.767,75.956,74.381,72.582,0
2025-01-01T03:00:00,39.427,43.955,48.763,55.969,64.837,69.653,69.601,73.735,73.292,71.819,72.211,73.97,0
2025-01-01T03:01:00,42.63,45.302,,54.635,65.433,66.617,71.965,75.222,76.411,74.04,72.883,77.005,0
2025-01-01T03:02:00,42.329,40.661,47.371,56.294,61.012,65.195,72.257,72.81,72.775,76.018,75.619,76.825,0
2025-01-01T03:03:00,41.989,44.167,48.012,54.993,60.15,67.808,72.397,76.615,76.218,76.511,75.778,74.356,0
2025-01-01T03:04:00,42.776,43.204,50.421,55.747,65.248,90.088,73.582,75.136,73.424,77.304,71.897,71.87,0
2025-01-01T03:05:00,41.873,42.694,49.54,52.225,59.725,70.033,73.915,76.287,75.022,77.916,76.972,74.123,0
2025-01-01T03:06:00,45.098,41.33,46.696,55.657,64.067,64.277,68.565,74.951,77.542,78.773,77.663,76.061,0
2025-01-01T03:07:00,42.222,41.538,44.394,53.718,60.82,66.971,71.128,75.161,74.82,78.646,77.585,77.496,0
2025-01-01T03:08:00,,40.149,48.704,54.639,59.309,70.086,70.649,75.338,75.211,75.83,74.816,77.259,0
2025-01-01T03:09:00,44.974,42.822,45.66,53.919,59.958,66.186,72.92,,77.976,75.495,76.466,96.43,0
2025-01-01T03:10:00,44.453,42.37,46.74,49.049,59.113,67.527,91.004,72.656,73.235,77.673,77.946,75.308,0
2025-01-01T03:11:00,43.269,40.814,44.98,53.184,57.344,65.163,69.497,75.879,75.782,75.193,79.187,77.085,0
2025-01-01T03:12:00,44.936,41.202,45.554,50.897,58.732,67.328,70.776,76.583,77.389,75.615,79.525,,0
2025-01-01T03:13:00,47.41,40.697,45.985,48.916,,66.919,69.968,73.864,77.819,75.27,80.802,79.069,0
2025-01-01T03:14:00,45.437,43.223,45.968,51.568,57.251,63.404,68.433,75.016,76.301,75.767,78.457,76.382,0
2025-01-01T03:15:00,49.692,43.348,43.838,51.931,58.133,65.778,68.016,55.605,77.154,77.323,78.434,78.018,0
2025-01-01T03:16:00,45.508,44.545,45.89,51.263,55.373,64.48,67.844,75.344,77.305,78.061,78.56,78.91,0
2025-01-01T03:17:00,50.705,,43.589,,57.362,61.816,69.326,74.294,78.539,79.069,80.071,75.959,0
2025-01-01T03:18:00,48.892,43.603,44.101,48.356,54.475,61.257,67.98,73.166,77.045,77.369,78.342,80.133,0
2025-01-01T03:19:00,50.045,44.275,44.39,49.395,55.279,63.112,69.68,72.206,77.197,80.21,79.976,79.322,0
2025-01-01T03:20:00,52.084,47.514,45.465,51.238,52.978,62.179,68.855,72.568,,78.371,78.888,79.573,0
2025-01-01T03:21:00,49.583,45.69,41.079,47.425,54.302,61.297,67.015,72.667,75.646,,79.722,80.118,0
2025-01-01T03:22:00,50.438,45.674,43.59,45.158,55.315,63.469,66.384,73.077,77.188,78.99,78.838,79.784,0
2025-01-01T03:23:00,51.35,45.642,45.392,49.649,54.098,60.158,67.055,92.717,75.846,97.503,80.847,82.523,0
2025-01-01T03:24:00,53.403,47.319,48.411,44.036,53.245,60.423,65.432,69.566,76.888,78.221,82.27,81.511,0
2025-01-01T03:25:00,53.033,46.416,43.239,,52.546,60.639,69.147,69.448,76.507,75.661,80.589,81.234,0
2025-01-01T03:26:00,73.546,47.779,43.992,48.755,52.28,61.451,66.115,72.939,73.445,78.506,80.876,81.166,0
2025-01-01T03:27:00,54.615,47.186,45.842,46.831,51.547,58.818,66.383,70.306,75.575,76.672,80.545,,0
2025-01-01T03:28:00,58.928,48.599,45.367,47.817,51.573,54.967,64.586,70.75,74.463,74.473,81.375,82.216,0
2025-01-01T03:29:00,53.338,50.722,44.996,46.813,49.324,,65.988,70.667,74.415,75.261,82.022,83.895,0
2025-01-01T03:30:00,53.088,47.447,47.627,,50.278,55.669,62.165,70.138,75.97,78.117,81.566,79.796,0
2025-01-01T03:31:00,57.268,52.946,44.906,44.708,51.904,58.461,63.986,71.239,76.696,75.038,82.845,79.605,0
2025-01-01T03:32:00,58.915,53.127,45.152,47.157,51.593,55.722,61.177,66.769,74.24,77.512,79.555,80.447,0
2025-01-01T03:33:00,57.015,52.712,,48.256,49.273,55.017,61.806,69.745,73.209,,80.342,80.756,0
2025-01-01T03:34:00,56.549,50.91,46.415,47.763,51.803,53.272,64.736,70.037,73.374,77.034,80.31,80.188,0
2025-01-01T03:35:00,56.98,52.64,46.487,47.029,51.597,53.683,63.72,67.341,75.245,77.101,79.409,80.115,0
2025-01-01T03:36:00,56.651,54.694,50.499,45.659,47.843,55.824,80.654,66.894,73.982,76.934,80.404,82.302,0
2025-01-01T03:37:00,60.599,55.131,49.337,47.486,48.842,54.171,61.852,68.594,73.4,74.434,80.734,79.927,0
2025-01-01T03:38:00,58.762,52.971,50.578,45.43,48.299,53.077,62.759,66.091,71.779,77.099,79.089,81.581,0
2025-01-01T03:39:00,60.805,53.551,49.563,47.804,49.755,52.053,62.168,65.721,69.602,76.599,78.634,83.997,0
2025-01-01T03:40:00,59.084,56.758,,49.309,48.893,55.25,60.233,66.857,68.873,77.086,84.752,82.198,0
2025-01-01T03:41:00,58.705,54.26,52.554,46.713,49.238,49.945,61.684,64.191,71.7,76.905,,82.721,0
2025-01-01T03:42:00,59.407,55.988,49.15,47.559,48.109,51.625,58.533,62.481,68.563,77.522,79.336,80.557,0
2025-01-01T03:43:00,60.211,57.865,51.76,50.493,50.125,52.132,78.372,63.646,71.448,75.081,80.987,81.939,0
2025-01-01T03:44:00,64.403,,52.724,51.354,47.722,53.848,57.227,66.973,70.201,74.328,79.716,82.15,0
2025-01-01T03:45:00,60.806,60.323,50.709,48.366,48.468,54.821,57.18,63.819,68.786,74.251,78.605,83.756,0
2025-01-01T03:46:00,60.897,59.21,52.48,47.906,49.803,53.34,57.631,63.673,70.287,76.092,78.95,82.417,0
2025-01-01T03:47:00,62.644,60.597,55.342,49.654,49.169,55.478,56.589,64.788,67.812,76.698,80.076,83.035,0
2025-01-01T03:48:00,57.784,60.202,55.733,53.141,49.047,49.512,56.493,60.678,68.0,74.773,,81.209,0
2025-01-01T03:49:00,59.426,61.686,55.324,51.439,49.501,48.578,55.686,60.724,69.346,73.351,82.327,81.548,0
2025-01-01T03:50:00,59.551,58.784,55.289,52.879,51.274,50.917,57.133,61.532,,74.674,81.227,81.174,0
2025-01-01T03:51:00,58.358,,56.385,,49.731,50.607,52.342,60.857,67.581,75.031,78.81,82.238,0
2025-01-01T03:52:00,60.232,60.864,58.244,51.222,49.496,48.027,56.142,62.865,64.852,72.555,75.765,81.106,0
2025-01-01T03:53:00,62.955,62.895,55.886,50.162,49.281,48.763,53.821,60.058,66.246,,,82.797,0
2025-01-01T03:54:00,,60.453,59.14,53.674,48.21,48.809,54.814,60.295,65.246,73.162,76.954,82.011,0
2025-01-01T03:55:00,,59.11,58.263,53.732,49.443,50.749,,59.852,66.127,72.632,78.637,82.445,0
2025-01-01T03:56:00,61.299,64.302,57.233,53.467,50.224,50.307,53.948,59.844,66.138,70.925,78.58,81.941,0
2025-01-01T03:57:00,56.4,64.069,,54.56,50.532,53.711,55.607,58.269,67.571,73.326,,,0
2025-01-01T03:58:00,56.093,62.132,56.886,54.637,51.765,50.146,52.853,58.852,44.775,71.249,77.221,80.863,0
2025-01-01T03:59:00,,62.042,58.607,55.552,,51.456,51.944,59.017,64.854,72.657,76.726,79.35,0
2025-01-01T04:00:00,54.44,,61.999,56.839,,51.59,51.242,57.256,63.915,69.94,94.964,81.01,0
2025-01-01T04:01:00,54.33,63.394,58.671,55.607,53.778,47.636,53.601,59.736,66.051,66.419,74.7,83.467,0
2025-01-01T04:02:00,56.799,,59.96,56.233,52.866,53.527,52.626,59.525,64.158,69.923,74.028,79.861,0
2025-01-01T04:03:00,52.187,64.846,61.751,56.2,53.564,49.9,52.417,59.79,62.74,70.8,73.17,80.407,0
2025-01-01T04:04:00,52.238,,62.896,,51.992,51.254,52.62,58.354,63.188,68.837,74.995,79.21,0
2025-01-01T04:05:00,56.214,63.001,62.21,60.171,52.647,50.182,52.237,56.412,63.705,66.755,74.625,80.786,0
2025-01-01T04:06:00,53.922,62.783,64.5,59.571,54.984,48.906,52.597,56.132,60.08,66.78,73.202,78.796,0
2025-01-01T04:07:00,53.377,60.697,62.719,61.034,52.819,52.959,51.897,55.601,62.077,66.001,75.975,78.636,0
2025-01-01T04:08:00,49.412,61.052,61.592,60.743,54.564,51.033,52.001,58.673,64.14,69.34,75.12,78.452,0
2025-01-01T04:09:00,49.985,64.367,62.603,60.103,54.654,53.799,52.759,57.35,60.677,66.432,73.889,76.448,0
2025-01-01T04:10:00,52.645,62.712,,62.329,55.673,53.535,52.354,53.688,57.297,65.6,72.224,75.954,0
2025-01-01T04:11:00,52.118,,65.254,58.677,58.744,51.582,56.35,56.251,61.263,66.448,73.584,76.544,0
2025-01-01T04:12:00,48.562,60.36,65.846,62.224,58.207,54.293,52.248,56.408,61.374,64.306,,75.94,0
2025-01-01T04:13:00,48.733,60.19,64.66,61.544,57.574,55.34,52.794,55.981,58.968,67.975,70.75,73.991,0
2025-01-01T04:14:00,49.702,61.412,64.562,62.971,55.5,54.131,52.471,57.081,60.4,68.654,72.066,75.114,0
2025-01-01T04:15:00,46.904,61.688,62.847,63.438,59.377,55.39,55.55,55.359,58.092,63.488,72.591,75.838,0
2025-01-01T04:16:00,45.46,60.074,63.858,64.669,56.112,56.69,52.701,57.49,57.94,65.236,69.416,75.6,0
2025-01-01T04:17:00,46.286,59.053,61.196,,61.894,57.409,56.46,53.511,60.234,45.099,71.958,72.996,0
2025-01-01T04:18:00,46.182,56.876,63.467,63.711,58.743,54.551,55.394,54.213,55.844,63.006,69.608,73.882,0
2025-01-01T04:19:00,45.353,57.995,66.584,66.336,58.162,57.699,56.62,55.001,59.85,61.137,74.209,74.561,0
2025-01-01T04:20:00,44.23,56.395,,62.79,60.217,55.588,57.267,57.113,55.398,63.621,68.781,74.338,0
2025-01-01T04:21:00,44.658,56.65,63.184,,62.0,55.428,55.112,57.371,58.286,65.063,68.929,71.458,0
2025-01-01T04:22:00,47.267,57.012,,67.383,61.174,55.741,53.588,55.112,56.893,63.966,71.016,73.451,0
2025-01-01T04:23:00,45.012,54.43,,65.295,59.459,58.885,55.109,56.249,57.39,62.585,66.484,95.344,0
2025-01-01T04:24:00,41.348,56.066,62.732,67.022,61.283,57.512,53.611,52.54,57.549,60.862,64.68,73.431,0
2025-01-01T04:25:00,42.175,52.69,81.808,63.48,64.556,58.391,55.655,53.255,56.265,59.371,67.732,74.053,0
2025-01-01T04:26:00,44.173,55.007,63.332,65.122,67.118,61.744,55.934,56.039,58.433,62.055,66.398,,0
2025-01-01T04:27:00,60.454,52.39,62.849,67.539,62.641,58.687,55.828,54.549,57.761,60.177,68.711,72.971,0
2025-01-01T04:28:00,41.314,49.48,61.301,66.895,66.003,59.588,56.852,54.756,36.001,62.473,70.174,73.961,0
2025-01-01T04:29:00,39.072,52.632,60.154,66.443,,57.023,55.359,55.01,56.458,61.976,64.57,71.939,0
2025-01-01T04:30:00,40.899,51.23,60.169,63.514,64.32,60.865,57.478,54.027,53.862,57.393,66.147,71.553,0
2025-01-01T04:31:00,40.401,51.325,,67.392,64.09,60.362,55.744,53.639,,61.767,62.968,69.37,0
2025-01-01T04:32:00,,50.443,60.634,66.847,67.354,61.826,56.808,55.494,55.7,58.715,,68.892,0
2025-01-01T04:33:00,42.898,49.687,59.726,,66.949,61.817,55.958,56.65,55.74,58.922,61.23,72.01,0
2025-01-01T04:34:00,40.939,48.004,62.079,67.384,65.399,,59.378,56.433,57.244,58.662,64.307,69.368,0
2025-01-01T04:35:00,,47.211,59.564,85.392,64.001,64.376,57.931,55.569,57.425,58.259,64.182,70.445,0
2025-01-01T04:36:00,41.884,44.638,59.865,66.335,66.763,63.534,61.687,56.294,59.033,57.822,64.776,69.854,0
2025-01-01T04:37:00,40.949,46.331,,67.133,69.442,62.269,63.065,56.49,,57.533,66.097,70.9,0
2025-01-01T04:38:00,42.334,47.664,58.507,66.862,68.16,60.941,61.166,56.138,56.49,56.931,64.007,,0
2025-01-01T04:39:00,40.345,45.669,61.788,68.945,67.21,64.762,59.907,58.884,58.451,60.788,63.784,66.509,0
2025-01-01T04:40:00,42.528,49.487,,63.872,66.87,64.371,60.471,57.098,55.894,56.717,63.475,69.051,0
2025-01-01T04:41:00,41.892,43.904,57.518,67.89,66.277,65.737,61.584,58.375,57.902,,62.945,65.101,0
2025-01-01T04:42:00,43.919,44.792,56.737,65.868,66.797,64.631,60.949,58.895,57.574,58.286,61.539,67.61,0
2025-01-01T04:43:00,39.744,44.144,57.079,67.571,69.066,67.749,59.068,56.737,58.618,59.246,62.416,65.838,0
2025-01-01T04:44:00,42.652,46.07,53.196,65.331,69.123,66.616,59.759,61.521,57.434,57.272,60.46,67.052,0
2025-01-01T04:45:00,42.658,44.007,54.064,,68.662,67.676,65.299,60.375,57.946,60.705,63.672,67.009,0
2025-01-01T04:46:00,42.591,42.077,51.993,65.926,68.357,68.676,63.242,58.838,58.107,59.705,,63.806,0
2025-01-01T04:47:00,45.285,25.636,54.322,64.974,67.791,65.475,62.407,77.552,58.369,60.82,63.369,66.08,0
2025-01-01T04:48:00,44.718,43.13,54.459,61.97,68.988,68.951,64.083,60.238,59.403,59.935,61.27,65.438,0
2025-01-01T04:49:00,44.274,41.596,52.352,62.557,68.172,69.408,64.282,60.737,61.757,60.048,59.979,,0
2025-01-01T04:50:00,42.749,43.742,49.856,62.313,67.657,71.476,61.502,61.132,60.886,,63.922,62.413,0
2025-01-01T04:51:00,44.376,42.548,50.284,63.15,65.686,69.35,,62.418,59.396,60.884,62.541,66.147,0
2025-01-01T04:52:00,,41.917,50.212,62.622,67.233,68.866,66.313,59.408,60.358,58.473,60.984,66.041,0
2025-01-01T04:53:00,46.856,42.699,50.194,62.036,65.618,69.583,64.694,63.245,59.165,59.002,60.72,65.177,0
2025-01-01T04:54:00,48.268,42.728,49.259,60.237,68.861,69.25,68.299,64.455,60.388,59.097,58.017,64.982,0
2025-01-01T04:55:00,49.46,42.823,27.102,59.854,68.161,69.566,68.229,64.9,,59.416,62.18,63.579,0
2025-01-01T04:56:00,47.352,42.534,51.529,58.518,64.551,,65.402,63.724,60.075,60.17,60.103,65.93,0
2025-01-01T04:57:00,46.513,44.926,49.639,61.875,65.452,70.73,65.104,43.539,42.812,58.579,59.787,64.819,0
2025-01-01T04:58:00,49.915,44.653,46.081,58.41,68.848,70.063,67.528,64.442,61.202,58.457,61.023,62.276,0
2025-01-01T04:59:00,51.986,45.638,47.906,59.785,68.539,70.867,68.853,65.928,65.728,59.248,,65.467,0
2025-01-01T05:00:00,50.766,44.706,47.441,60.629,67.694,88.128,70.999,,63.993,60.022,62.437,64.428,0
2025-01-01T05:01:00,51.633,41.611,44.553,60.273,65.968,71.425,70.572,65.166,60.555,58.418,58.047,61.059,0
2025-01-01T05:02:00,51.154,43.612,46.814,59.515,67.538,70.678,71.519,64.699,60.276,62.251,,61.206,0
2025-01-01T05:03:00,54.854,44.208,44.95,55.74,66.087,69.209,70.194,68.508,59.766,62.683,60.553,,0
2025-01-01T05:04:00,52.255,42.322,46.201,56.393,64.655,70.914,70.154,66.985,63.962,58.598,60.96,63.649,0
2025-01-01T05:05:00,55.708,45.33,47.729,,66.518,71.185,,70.094,62.435,58.233,60.825,61.478,0
2025-01-01T05:06:00,53.731,46.757,45.262,52.923,62.734,69.029,,71.884,62.936,61.146,,64.527,0
2025-01-01T05:07:00,53.029,44.172,45.614,53.938,66.862,68.748,69.75,67.125,64.197,64.266,62.58,60.735,0
2025-01-01T05:08:00,54.56,45.169,48.528,53.942,,71.818,71.085,70.273,64.599,61.226,61.727,63.133,0
2025-01-01T05:09:00,57.297,,44.647,54.517,62.486,69.894,68.931,,66.215,64.724,,62.949,0
2025-01-01T05:10:00,57.577,68.494,47.762,50.826,66.661,72.568,68.901,70.024,67.77,,62.162,61.629,0
2025-01-01T05:11:00,57.585,46.788,45.42,,63.667,69.597,70.55,72.199,,81.698,64.287,62.748,0
2025-01-01T05:12:00,60.785,48.728,43.931,50.469,61.612,70.476,71.43,71.63,66.843,62.096,61.086,64.969,0
2025-01-01T05:13:00,57.597,48.629,45.358,51.629,,68.729,73.833,69.172,64.117,66.016,,61.64,0
2025-01-01T05:14:00,60.743,49.854,46.542,51.584,60.339,70.827,73.148,70.191,65.702,,61.811,,0
2025-01-01T05:15:00,61.093,50.923,47.872,48.51,59.391,68.838,71.644,70.349,68.409,,64.756,64.509,0
2025-01-01T05:16:00,60.01,51.525,44.473,52.009,60.762,69.51,72.215,71.339,68.804,66.204,64.091,63.546,0
2025-01-01T05:17:00,59.998,52.191,46.41,49.917,62.082,,,70.559,67.632,69.366,63.887,63.556,0
2025-01-01T05:18:00,59.847,50.399,44.939,49.978,59.296,68.24,71.801,73.861,69.005,64.836,65.43,65.075,0
2025-01-01T05:19:00,60.584,50.876,46.36,51.455,61.632,66.227,74.48,74.102,70.436,63.868,61.96,62.346,0
2025-01-01T05:20:00,60.709,51.652,41.786,49.666,57.491,72.29,72.104,72.459,70.396,67.312,63.612,62.267,0
2025-01-01T05:21:00,60.219,48.721,44.721,47.173,55.115,66.796,73.113,,69.726,62.733,65.114,65.636,0
2025-01-01T05:22:00,63.25,52.912,45.983,49.572,58.889,69.364,75.874,73.554,71.167,67.559,65.158,67.028,0
2025-01-01T05:23:00,61.133,54.77,46.442,48.528,56.469,66.717,74.601,75.654,72.72,65.937,65.05,64.638,0
2025-01-01T05:24:00,60.816,56.434,45.566,50.283,57.779,64.799,73.68,73.581,69.573,69.77,64.355,85.646,0
2025-01-01T05:25:00,58.849,55.339,47.428,45.44,55.558,66.588,71.468,73.394,71.433,68.545,65.837,63.757,0
2025-01-01T05:26:00,62.968,56.127,46.44,47.063,56.622,65.579,69.96,73.08,73.288,69.761,66.86,64.047,0
2025-01-01T05:27:00,60.612,55.052,45.748,47.605,,65.068,74.25,77.157,71.398,69.145,66.42,65.607,0
2025-01-01T05:28:00,61.093,58.429,49.425,,54.226,65.396,71.636,55.767,73.778,72.837,66.573,63.549,0
2025-01-01T05:29:00,59.584,55.949,48.204,46.025,54.293,64.66,71.745,74.908,73.129,69.114,65.435,64.241,0
2025-01-01T05:30:00,58.363,60.1,47.848,47.083,52.277,64.437,71.564,74.473,74.203,70.74,69.158,63.841,0
2025-01-01T05:31:00,59.788,58.091,47.802,45.774,50.527,64.716,71.175,74.512,74.446,71.724,69.689,63.914,0
2025-01-01T05:32:00,59.686,56.919,51.019,48.193,53.668,60.918,69.137,72.943,74.412,,65.782,64.633,0
2025-01-01T05:33:00,59.609,59.099,50.972,47.206,,63.762,73.956,73.893,74.412,72.818,65.546,68.61,0
2025-01-01T05:34:00,59.632,57.28,48.961,45.308,53.426,63.549,,54.538,74.323,71.128,68.244,63.026,0
2025-01-01T05:35:00,58.629,59.423,47.999,49.41,49.875,64.883,70.974,77.755,53.5,72.279,69.772,87.602,0
2025-01-01T05:36:00,58.816,59.696,51.552,46.633,50.471,58.6,72.782,75.874,73.974,73.647,,67.594,0
2025-01-01T05:37:00,56.753,58.81,53.065,47.778,52.279,62.782,69.086,74.336,75.504,73.877,67.685,67.09,0
2025-01-01T05:38:00,56.676,60.826,71.925,46.029,53.105,57.907,71.859,75.611,77.46,74.875,70.563,67.602,0
2025-01-01T05:39:00,57.199,59.937,51.043,50.139,49.408,61.996,68.861,73.096,74.428,72.548,69.596,67.229,0
2025-01-01T05:40:00,54.688,59.746,53.439,47.166,70.605,59.669,67.326,74.719,76.168,,70.803,71.186,0
2025-01-01T05:41:00,56.037,62.159,55.016,47.502,50.87,56.876,69.372,72.235,76.124,72.454,70.967,69.126,0
2025-01-01T05:42:00,53.946,65.486,53.43,44.944,50.736,,66.902,,74.265,73.965,71.786,69.87,0
2025-01-01T05:43:00,55.744,62.297,52.574,48.133,47.056,57.805,66.347,76.958,76.224,75.752,72.075,69.149,0
2025-01-01T05:44:00,56.036,62.606,56.407,49.962,46.066,,69.841,74.5,74.82,72.529,71.877,69.469,0
2025-01-01T05:45:00,54.155,62.884,58.288,49.161,50.478,55.68,67.69,,74.048,78.251,70.64,70.524,0
2025-01-01T05:46:00,,65.382,57.877,48.987,48.34,56.13,67.444,74.354,76.129,76.22,,67.042,0
2025-01-01T05:47:00,,62.976,57.126,48.625,48.794,55.974,69.3,75.311,77.897,75.611,70.042,67.845,0
2025-01-01T05:48:00,53.045,65.209,55.479,49.804,49.013,58.1,65.437,,75.205,77.266,,71.228,0
2025-01-01T05:49:00,49.72,62.298,58.047,47.854,49.486,53.931,65.492,75.106,76.019,76.757,74.39,71.467,0
2025-01-01T05:50:00,52.689,65.913,58.039,49.615,47.827,55.808,64.947,72.32,73.563,77.159,76.485,67.031,0
2025-01-01T05:51:00,,60.581,58.918,52.092,47.129,55.057,62.879,71.345,79.32,,76.237,70.781,0
2025-01-01T05:52:00,49.937,64.773,61.014,52.816,52.605,54.993,64.509,72.81,72.718,78.39,75.942,73.431,0
2025-01-01T05:53:00,48.113,63.059,57.325,48.639,47.766,54.742,65.963,71.438,78.486,,73.293,93.403,0
2025-01-01T05:54:00,48.367,63.062,61.959,50.712,50.873,53.667,63.238,71.696,77.115,77.683,78.244,74.075,0
2025-01-01T05:55:00,46.735,81.571,65.118,54.54,49.003,53.238,66.582,70.445,76.621,79.861,74.51,73.285,0
2025-01-01T05:56:00,48.181,,61.547,,51.394,54.924,64.45,71.239,77.771,77.581,75.956,73.418,0
2025-01-01T05:57:00,44.997,62.738,60.518,54.18,48.727,53.347,62.499,68.192,79.594,79.232,73.657,72.428,0
2025-01-01T05:58:00,48.215,60.201,61.253,53.559,71.483,49.742,62.896,70.787,74.039,77.454,77.488,77.269,0
2025-01-01T05:59:00,45.985,62.202,61.405,56.131,49.954,53.302,61.39,69.544,77.309,79.618,79.67,74.23,0
2025-01-01T06:00:00,42.888,57.28,63.402,54.116,50.717,53.841,61.416,,76.113,79.515,78.461,75.272,0
2025-01-01T06:01:00,44.088,62.079,65.519,56.018,49.185,51.753,61.925,69.117,75.722,76.841,78.952,76.675,0
2025-01-01T06:02:00,43.448,60.348,65.032,57.21,50.857,50.288,60.315,66.97,75.803,76.435,76.678,76.596,0
2025-01-01T06:03:00,43.441,58.97,,55.446,49.361,54.815,60.848,69.988,77.29,79.321,79.315,76.301,0
2025-01-01T06:04:00,41.631,58.678,66.51,56.63,50.601,53.632,58.087,66.716,74.834,78.292,79.527,76.641,0
2025-01-01T06:05:00,44.66,59.663,67.994,59.369,54.539,48.411,60.434,69.279,75.094,79.518,77.85,76.35,0
2025-01-01T06:06:00,,58.083,62.455,60.976,54.054,50.47,55.591,67.882,78.415,77.524,78.692,78.963,0
2025-01-01T06:07:00,41.244,57.634,64.892,57.444,52.296,49.512,57.566,66.204,73.848,81.3,78.155,79.069,0
2025-01-01T06:08:00,43.986,56.442,64.425,59.578,50.633,50.963,57.481,69.811,76.81,82.416,78.507,76.822,0
2025-01-01T06:09:00,42.779,55.591,62.959,61.981,,50.35,,67.206,74.702,81.069,77.017,82.764,0
2025-01-01T06:10:00,,54.145,,60.1,50.872,51.357,55.699,68.649,75.877,79.687,79.806,75.867,0
2025-01-01T06:11:00,42.378,53.467,64.674,,53.379,48.579,57.717,67.08,74.343,77.676,81.987,78.034,0
2025-01-01T06:12:00,41.587,54.956,62.865,59.164,,52.09,57.359,62.301,74.638,79.542,,76.673,0
2025-01-01T06:13:00,42.508,51.061,61.834,,55.056,48.231,56.401,64.297,76.429,79.256,77.872,98.103,0
2025-01-01T06:14:00,40.349,52.763,66.305,62.454,52.657,51.007,55.138,65.665,72.937,79.674,,,0
2025-01-01T06:15:00,42.535,54.033,64.862,62.242,54.523,50.955,54.415,64.609,73.363,78.826,81.832,82.26,0
2025-01-01T06:16:00,40.842,51.08,65.539,64.113,57.469,49.722,53.783,63.322,73.969,77.854,79.236,79.816,0
2025-01-01T06:17:00,40.234,51.467,64.152,62.942,55.247,52.963,55.81,62.824,73.17,75.488,,78.776,0
2025-01-01T06:18:00,40.034,51.738,64.926,64.185,77.575,51.567,54.462,63.209,72.8,78.441,80.776,79.611,0
2025-01-01T06:19:00,41.544,50.973,65.974,64.22,56.75,52.742,55.756,61.533,67.647,77.886,78.91,80.681,0
2025-01-01T06:20:00,44.014,51.5,64.101,63.04,,52.496,53.963,60.083,70.704,76.786,79.536,78.372,0
2025-01-01T06:21:00,41.285,49.353,62.466,62.842,,50.479,53.804,62.889,68.321,76.708,82.054,81.959,0
2025-01-01T06:22:00,44.559,48.859,62.105,63.675,58.303,53.729,53.734,64.496,69.155,75.259,82.446,80.497,0
2025-01-01T06:23:00,41.86,49.585,62.069,67.636,57.774,54.496,54.781,58.394,66.777,77.182,79.14,105.328,0
2025-01-01T06:24:00,43.367,48.803,61.812,64.595,,53.518,72.912,58.883,70.36,77.795,79.349,81.741,0
2025-01-01T06:25:00,43.454,46.608,60.503,,59.665,54.072,55.746,,69.956,74.24,80.112,80.138,0
2025-01-01T06:26:00,44.913,46.807,61.917,65.276,58.252,54.803,52.846,62.596,69.218,78.171,81.94,79.381,0
2025-01-01T06:27:00,45.845,46.423,62.374,64.233,60.356,54.858,53.596,60.771,,76.94,83.062,82.254,0
2025-01-01T06:28:00,42.09,47.484,61.051,67.431,61.502,51.826,51.773,59.115,69.074,76.553,79.27,83.533,0
2025-01-01T06:29:00,45.951,45.673,61.996,68.114,62.983,52.629,50.501,58.937,66.015,75.546,81.525,81.596,0
2025-01-01T06:30:00,,46.021,60.358,64.566,62.619,56.677,50.587,62.027,64.745,75.668,81.867,82.587,0
2025-01-01T06:31:00,45.989,43.232,61.032,65.48,61.012,53.351,54.142,55.762,45.868,77.121,80.673,82.783,0
2025-01-01T06:32:00,46.682,45.39,58.195,66.396,63.706,53.667,53.948,58.344,65.527,76.571,81.219,83.371,0
2025-01-01T06:33:00,42.744,45.847,54.446,64.08,62.441,54.258,52.41,56.732,62.176,74.199,83.509,82.628,0
2025-01-01T06:34:00,26.452,47.123,57.408,66.997,63.623,35.491,50.889,55.161,47.773,73.008,80.341,82.621,0
2025-01-01T06:35:00,47.845,43.553,55.876,67.631,63.605,55.624,52.549,57.657,65.987,75.063,79.023,83.754,0
2025-01-01T06:36:00,47.972,44.695,58.6,67.503,62.056,57.384,53.361,58.159,65.072,72.417,80.64,82.37,0
2025-01-01T06:37:00,46.965,42.76,56.321,68.276,63.937,56.672,54.999,,85.469,73.641,80.734,80.074,0
2025-01-01T06:38:00,50.816,45.773,53.872,64.171,67.01,58.164,53.437,57.638,67.311,73.326,81.81,102.814,0
2025-01-01T06:39:00,49.676,45.017,52.031,68.134,66.179,60.207,54.842,55.947,65.627,72.443,79.93,81.373,0
2025-01-01T06:40:00,51.244,41.954,54.517,67.955,65.028,60.773,32.917,54.505,65.439,70.688,79.098,82.687,0
2025-01-01T06:41:00,50.714,41.283,53.637,64.454,66.44,57.977,53.059,53.694,62.363,71.907,78.668,83.03,0
2025-01-01T06:42:00,52.849,42.582,52.073,66.003,64.332,56.733,55.252,57.192,61.824,71.447,77.913,79.282,0
2025-01-01T06:43:00,,44.279,50.519,66.143,,58.594,54.518,54.688,60.057,71.956,78.789,81.914,0
2025-01-01T06:44:00,53.481,41.27,53.074,67.512,67.956,59.342,52.829,53.343,59.819,71.255,79.555,83.163,0
2025-01-01T06:45:00,55.348,44.936,53.341,65.011,65.111,62.424,55.028,53.831,59.117,72.612,77.197,84.465,0
2025-01-01T06:46:00,56.895,42.517,51.348,63.798,67.253,63.165,55.535,56.089,58.578,69.63,77.426,83.848,0
2025-01-01T06:47:00,57.89,42.584,49.599,64.413,67.373,63.692,54.898,53.864,61.62,68.659,77.638,84.027,0
2025-01-01T06:48:00,55.142,44.139,49.422,62.408,69.252,63.271,52.871,53.74,62.966,69.438,77.712,84.278,0
2025-01-01T06:49:00,57.851,41.654,49.156,64.057,,64.238,56.864,55.241,59.098,66.962,75.009,82.672,0
2025-01-01T06:50:00,57.616,43.652,49.854,62.684,68.676,63.115,57.378,,60.209,69.828,76.33,80.181,0
2025-01-01T06:51:00,57.097,41.978,49.533,63.579,70.339,45.577,56.515,53.834,57.435,67.052,75.903,83.23,0
2025-01-01T06:52:00,56.1,43.846,48.28,65.624,68.964,65.175,58.981,54.69,59.569,65.706,,81.743,0
2025-01-01T06:53:00,56.666,42.073,45.159,63.575,66.533,63.687,59.093,,60.803,68.823,75.692,84.213,0
2025-01-01T06:54:00,58.666,44.097,45.956,62.505,70.292,,56.789,75.18,59.912,67.019,77.018,83.295,0
2025-01-01T06:55:00,58.383,44.017,47.798,63.021,70.101,62.181,60.63,52.595,58.905,66.715,73.669,,0
2025-01-01T06:56:00,59.615,45.496,,58.879,,64.063,56.362,54.633,60.646,65.089,75.331,82.692,0
2025-01-01T06:57:00,59.615,47.058,49.849,59.23,68.59,65.881,59.808,54.25,,65.429,70.872,81.073,0
2025-01-01T06:58:00,,45.561,48.379,57.933,67.663,67.982,58.024,55.306,58.575,65.786,71.726,78.736,0
2025-01-01T06:59:00,59.562,49.323,45.95,59.908,69.915,68.031,60.364,54.148,55.217,45.303,73.188,80.285,0
2025-01-01T07:00:00,57.787,46.871,46.473,58.175,66.254,69.202,60.172,54.188,56.734,63.828,71.639,79.676,0
2025-01-01T07:01:00,62.592,49.834,48.498,56.628,69.381,65.189,62.107,53.836,56.827,,53.41,80.038,0
2025-01-01T07:02:00,59.389,48.756,46.374,59.587,70.829,68.608,63.368,57.711,58.022,65.121,71.478,78.354,0
2025-01-01T07:03:00,59.462,46.241,45.418,57.97,68.877,68.427,61.567,57.157,55.21,65.746,72.404,80.695,0
2025-01-01T07:04:00,61.317,52.802,43.615,57.911,68.605,69.593,62.335,59.13,55.163,64.276,70.263,79.902,0
2025-01-01T07:05:00,40.108,52.374,44.829,56.283,69.306,68.474,63.254,57.645,56.992,61.853,70.099,81.331,0
2025-01-01T07:06:00,59.056,49.708,43.756,56.911,69.225,67.795,62.383,58.104,57.54,64.35,71.885,76.717,0
2025-01-01T07:07:00,60.594,51.797,24.901,54.72,65.644,68.107,63.116,55.58,58.667,62.951,68.319,77.137,0
2025-01-01T07:08:00,,53.1,45.415,54.5,69.272,72.093,64.963,56.772,57.268,64.765,68.589,76.731,0
2025-01-01T07:09:00,,52.7,43.602,56.149,66.988,67.602,62.417,59.52,56.327,60.661,69.275,,0
2025-01-01T07:10:00,58.775,53.549,44.722,55.746,66.095,68.216,65.965,56.326,56.841,63.969,70.798,73.649,0
2025-01-01T07:11:00,59.757,53.4,44.644,53.652,67.215,70.906,63.671,39.451,57.462,41.473,67.55,76.531,0
2025-01-01T07:12:00,59.335,57.005,46.513,54.521,65.713,69.062,65.751,,58.45,41.264,88.738,78.772,0
2025-01-01T07:13:00,58.849,58.33,,51.781,48.167,68.656,66.475,58.653,55.989,58.727,68.226,78.123,0
2025-01-01T07:14:00,58.459,57.231,45.112,52.184,63.93,68.415,67.353,62.002,58.883,60.149,68.112,75.503,0
2025-01-01T07:15:00,59.515,58.068,46.929,54.182,65.561,70.808,66.606,62.21,56.932,57.076,64.673,76.571,0
2025-01-01T07:16:00,56.271,56.865,45.387,52.179,,68.975,66.694,61.684,,57.914,68.029,74.266,0
2025-01-01T07:17:00,57.118,59.897,48.217,50.072,65.869,73.575,66.536,63.792,56.027,59.44,67.352,76.379,0
2025-01-01T07:18:00,56.533,58.559,49.401,49.892,63.271,66.922,68.277,63.027,77.173,60.142,66.265,75.612,0
2025-01-01T07:19:00,56.915,59.57,48.907,48.419,61.916,71.785,66.065,59.988,59.102,,63.326,72.823,0
2025-01-01T07:20:00,39.347,80.016,47.577,49.718,60.985,71.66,67.116,61.612,58.715,58.353,,74.046,0
2025-01-01T07:21:00,55.945,61.174,45.621,49.76,62.472,69.247,69.954,,59.01,58.98,67.306,,0
2025-01-01T07:22:00,55.756,59.631,47.938,51.117,62.325,73.867,70.882,61.711,55.868,58.222,64.463,73.61,0
2025-01-01T07:23:00,53.223,62.567,46.859,52.28,60.615,,,64.25,57.54,58.846,63.318,71.576,0
2025-01-01T07:24:00,55.72,65.804,49.337,48.226,62.808,71.731,67.919,64.091,59.756,60.514,65.136,70.609,0
2025-01-01T07:25:00,54.225,60.432,48.865,50.44,59.472,69.18,,63.096,,60.504,65.145,71.078,0
2025-01-01T07:26:00,57.045,60.764,48.615,48.397,60.198,69.37,,61.817,58.396,58.007,62.919,72.431,0
2025-01-01T07:27:00,53.047,65.687,51.412,46.196,60.635,,71.185,66.418,,58.592,61.865,73.618,0
2025-01-01T07:28:00,53.286,62.947,50.983,48.404,58.861,69.432,70.179,,62.831,58.707,63.182,72.657,0
2025-01-01T07:29:00,52.131,64.369,51.776,46.492,58.325,71.045,71.855,67.516,59.725,58.844,61.957,70.262,0
2025-01-01T07:30:00,51.529,65.691,51.827,49.109,57.441,69.106,72.469,65.368,61.837,57.637,64.811,69.402,0
2025-01-01T07:31:00,52.606,62.886,51.734,47.099,56.877,48.315,71.9,67.715,61.097,63.985,62.328,69.094,0
2025-01-01T07:32:00,49.048,64.923,50.424,47.928,55.947,68.864,74.407,66.359,60.825,60.042,62.965,71.078,0
2025-01-01T07:33:00,47.609,62.746,53.61,45.328,56.785,68.569,71.436,,63.148,58.593,64.063,68.664,0
2025-01-01T07:34:00,50.637,63.793,54.968,46.913,55.879,67.678,70.761,67.95,,56.863,62.148,69.863,0
2025-01-01T07:35:00,48.326,62.16,54.52,,54.581,70.907,73.461,68.294,61.278,59.59,59.902,68.534,0
2025-01-01T07:36:00,48.327,60.171,,44.916,56.206,65.071,74.865,88.726,64.034,60.597,62.074,,0
2025-01-01T07:37:00,47.603,65.223,54.182,48.159,56.382,65.31,73.182,70.491,65.119,60.23,62.682,68.637,0
2025-01-01T07:38:00,46.985,63.504,56.547,45.805,54.017,65.945,74.184,69.495,64.051,58.104,63.762,66.707,0
2025-01-01T07:39:00,26.59,60.427,58.543,44.777,55.187,65.032,71.272,69.939,,59.121,63.715,67.381,0
2025-01-01T07:40:00,48.197,61.926,57.582,45.422,52.884,65.161,73.389,70.319,64.553,40.977,,69.107,0
2025-01-01T07:41:00,45.594,59.372,57.959,49.177,51.529,65.927,74.923,70.32,64.457,,59.97,70.01,0
2025-01-01T07:42:00,41.651,61.257,,48.47,49.297,64.83,72.949,71.447,65.254,62.038,62.327,,0
2025-01-01T07:43:00,44.333,61.967,59.359,48.678,53.528,65.659,74.131,73.005,62.687,61.785,60.108,66.191,0
2025-01-01T07:44:00,41.951,62.44,60.53,48.006,52.713,66.095,75.664,72.712,63.573,,60.538,66.863,0
2025-01-01T07:45:00,44.419,61.002,59.864,50.436,50.842,66.014,71.016,72.189,66.175,60.473,63.881,65.092,0
2025-01-01T07:46:00,43.171,63.563,62.259,49.131,55.006,66.827,71.667,69.865,68.546,60.156,61.82,67.157,0
2025-01-01T07:47:00,41.114,61.532,61.52,,,61.078,76.506,73.708,67.76,60.484,59.835,67.021,0
2025-01-01T07:48:00,42.503,60.021,61.332,52.328,52.745,60.155,72.481,72.528,66.335,61.015,,66.023,0
2025-01-01T07:49:00,43.741,59.162,61.261,53.381,52.091,61.898,74.016,,66.46,,60.84,66.344,0
2025-01-01T07:50:00,40.761,61.954,,50.876,49.272,62.936,,72.669,66.191,,62.016,63.702,0
2025-01-01T07:51:00,42.574,56.79,62.596,54.992,48.599,61.177,73.214,73.857,70.097,62.693,61.09,63.948,0
2025-01-01T07:52:00,40.53,57.17,62.404,52.359,48.65,63.157,74.786,72.089,68.611,63.342,62.802,62.249,0
2025-01-01T07:53:00,42.251,58.61,62.46,52.253,49.669,61.478,72.561,72.568,71.848,64.206,59.627,64.069,0
2025-01-01T07:54:00,41.927,57.975,63.161,52.314,50.803,59.609,71.045,73.121,,64.382,63.894,,0
2025-01-01T07:55:00,41.362,57.757,84.672,53.739,,62.101,71.121,75.399,67.283,66.923,60.428,64.598,0
2025-01-01T07:56:00,41.37,56.998,65.585,52.035,52.044,57.753,72.905,76.823,71.8,67.439,61.149,62.039,0
2025-01-01T07:57:00,20.113,56.091,65.968,54.505,50.486,59.427,73.335,74.6,52.63,65.569,63.433,63.778,0
2025-01-01T07:58:00,41.495,55.941,61.909,54.343,50.313,55.497,70.624,74.391,70.737,64.891,62.99,,0
2025-01-01T07:59:00,40.585,56.928,65.364,54.038,50.824,57.029,66.95,74.784,71.949,65.51,60.687,60.504,0
2025-01-01T08:00:00,42.296,52.252,67.775,55.753,47.968,55.596,71.699,74.826,72.129,65.811,59.806,61.334,0
2025-01-01T08:01:00,41.114,,64.941,56.502,49.666,56.915,71.532,,70.243,65.343,63.092,63.79,0
2025-01-01T08:02:00,44.092,55.689,64.001,57.872,48.789,59.513,86.995,74.021,71.039,66.997,62.109,62.027,0
2025-01-01T08:03:00,42.461,52.575,66.357,56.614,51.439,58.784,68.112,76.916,74.543,65.678,61.576,63.399,0
2025-01-01T08:04:00,44.126,51.018,64.855,58.58,50.741,56.038,66.981,75.722,71.248,67.65,62.791,65.88,0
2025-01-01T08:05:00,45.29,48.676,65.494,56.125,47.297,54.43,66.072,75.308,73.953,63.465,63.307,61.569,0
2025-01-01T08:06:00,42.152,53.618,65.443,59.801,49.094,55.346,66.802,73.992,,70.877,62.169,62.656,0
2025-01-01T08:07:00,46.404,49.136,66.32,58.671,51.868,54.468,69.973,73.836,76.844,69.523,65.437,66.204,0
2025-01-01T08:08:00,44.383,49.403,66.171,58.88,49.227,54.508,66.604,95.989,69.034,67.067,63.666,62.787,0
2025-01-01T08:09:00,48.845,51.378,66.958,58.914,30.891,54.253,65.595,75.051,75.439,72.144,65.289,64.894,0
2025-01-01T08:10:00,23.839,51.12,66.08,60.112,48.676,54.778,66.922,73.688,76.085,70.572,64.167,62.789,0
2025-01-01T08:11:00,43.783,46.296,62.228,61.0,53.246,55.279,66.678,73.83,74.79,69.98,67.381,64.152,0
2025-01-01T08:12:00,45.698,47.165,64.375,61.341,52.217,,66.929,73.601,76.824,68.975,64.709,62.709,0
2025-01-01T08:13:00,44.434,44.351,62.863,60.363,54.267,52.763,,72.61,77.637,70.686,65.952,61.769,0
2025-01-01T08:14:00,48.211,47.237,64.464,64.81,51.459,49.104,64.027,76.332,80.066,74.018,63.364,63.878,0
2025-01-01T08:15:00,48.289,26.815,62.836,61.636,52.332,52.101,62.303,76.474,77.11,71.924,65.073,63.693,0
2025-01-01T08:16:00,49.17,47.803,62.8,63.467,54.244,52.449,62.42,52.811,73.656,72.412,65.528,63.178,0
2025-01-01T08:17:00,72.15,41.259,63.679,61.427,51.111,50.236,62.083,72.778,74.422,70.663,66.659,63.524,0
2025-01-01T08:18:00,49.547,45.279,62.475,66.508,53.749,53.484,62.136,73.354,73.709,73.062,70.288,60.483,0
2025-01-01T08:19:00,50.198,44.217,64.345,64.825,52.497,52.11,61.583,72.822,75.084,73.711,,63.845,0
2025-01-01T08:20:00,50.513,46.163,63.393,46.055,51.783,50.319,62.418,75.44,75.975,73.778,71.036,63.857,0
2025-01-01T08:21:00,53.289,23.656,60.683,63.727,54.114,35.294,62.976,74.148,79.216,74.279,69.85,66.05,0
2025-01-01T08:22:00,52.37,44.278,60.66,63.918,55.489,52.388,61.797,70.788,,73.041,68.826,65.566,0
2025-01-01T08:23:00,51.434,42.635,62.065,65.625,53.622,51.896,58.041,72.97,78.997,,67.393,66.332,0
2025-01-01T08:24:00,51.608,42.228,61.015,65.64,54.663,49.911,59.69,70.218,75.958,75.108,68.132,65.094,0
2025-01-01T08:25:00,54.281,41.299,57.669,65.254,56.675,50.233,59.616,70.235,80.321,,68.678,65.698,0
2025-01-01T08:26:00,,43.297,57.939,67.508,54.774,51.225,63.597,72.838,75.873,73.774,70.898,64.981,0
2025-01-01T08:27:00,55.048,43.906,58.248,66.138,58.018,52.196,58.816,69.998,77.507,75.398,70.881,68.525,0
2025-01-01T08:28:00,57.987,42.348,57.342,64.22,56.283,53.394,57.729,69.321,79.21,75.696,68.81,65.998,0
2025-01-01T08:29:00,59.297,23.326,59.229,62.601,58.113,49.734,54.971,71.891,77.768,73.226,,65.698,0
2025-01-01T08:30:00,58.359,40.844,56.432,,,51.387,56.444,69.197,,76.47,70.187,45.355,0
2025-01-01T08:31:00,56.253,40.802,58.687,66.51,54.851,50.752,55.34,66.706,77.623,77.243,69.16,66.809,0
2025-01-01T08:32:00,59.573,43.524,57.423,,60.464,50.063,56.303,69.014,77.438,79.612,73.899,64.565,0
2025-01-01T08:33:00,60.355,43.599,55.681,70.26,61.523,51.274,57.857,68.358,77.699,76.341,69.575,67.642,0
2025-01-01T08:34:00,59.146,44.76,53.165,67.442,58.962,34.886,57.131,70.563,79.552,76.282,69.685,69.356,0
2025-01-01T08:35:00,61.048,42.98,55.089,68.266,62.036,51.979,57.184,66.672,78.576,75.182,71.718,69.189,0
2025-01-01T08:36:00,60.734,45.451,54.651,65.556,61.843,52.97,56.53,71.24,76.816,75.645,72.376,,0
2025-01-01T08:37:00,60.463,46.596,51.652,68.947,83.16,50.762,55.205,67.159,75.972,77.906,74.95,68.148,0
2025-01-01T08:38:00,61.543,44.774,51.329,64.816,61.929,54.327,57.552,64.534,,76.496,74.261,71.104,0
2025-01-01T08:39:00,61.354,44.811,54.458,46.684,61.673,52.924,55.891,66.649,74.989,77.875,,70.617,0
2025-01-01T08:40:00,61.832,44.473,53.79,66.588,60.14,56.173,56.823,67.884,76.877,99.389,74.81,68.628,0
2025-01-01T08:41:00,60.962,45.1,53.451,64.706,62.329,55.386,51.668,64.499,73.095,80.79,74.692,69.116,0
2025-01-01T08:42:00,63.697,47.407,50.983,65.011,63.132,55.128,53.794,,75.28,78.254,76.24,70.334,0
2025-01-01T08:43:00,59.822,45.854,49.786,65.769,65.065,54.352,52.925,65.355,75.399,80.441,73.003,71.453,0
2025-01-01T08:44:00,64.277,,50.655,67.535,65.476,,55.562,62.86,72.488,79.29,57.806,69.675,0
2025-01-01T08:45:00,58.235,49.502,47.112,65.775,62.237,55.204,54.229,82.027,,80.094,73.06,69.822,0
2025-01-01T08:46:00,60.141,47.805,49.681,64.879,65.402,51.175,,63.386,72.831,78.936,75.896,69.049,0
2025-01-01T08:47:00,62.244,48.45,47.655,66.056,62.693,54.712,52.404,62.887,,79.559,77.498,72.046,0
2025-01-01T08:48:00,61.202,48.144,,64.609,68.761,57.312,52.919,64.013,71.681,80.506,73.342,70.818,0
2025-01-01T08:49:00,59.365,,48.528,63.915,68.46,57.378,74.109,60.111,73.311,79.368,76.559,73.039,0
2025-01-01T08:50:00,59.136,48.617,47.459,64.72,68.783,55.733,53.906,62.703,76.066,81.954,79.681,71.566,0
2025-01-01T08:51:00,59.96,49.641,45.246,63.555,67.268,56.905,49.668,64.967,72.306,79.383,78.902,75.249,0
2025-01-01T08:52:00,61.098,51.385,47.409,,68.135,77.382,55.084,62.338,70.001,,77.499,70.681,0
2025-01-01T08:53:00,57.892,51.144,,63.57,67.79,56.929,54.086,61.302,72.236,80.091,,71.07,0
2025-01-01T08:54:00,60.81,54.278,46.25,65.317,68.41,60.287,53.893,58.746,72.09,78.428,81.243,74.871,0
2025-01-01T08:55:00,59.756,51.901,48.967,64.487,67.763,58.618,54.298,60.138,70.701,77.026,78.648,74.996,0
2025-01-01T08:56:00,59.969,57.092,45.117,62.945,66.108,57.784,52.391,59.506,71.556,77.437,78.672,73.357,0
2025-01-01T08:57:00,59.404,76.484,,,71.301,60.968,52.94,58.099,71.888,78.39,81.031,75.706,0
2025-01-01T08:58:00,57.488,53.962,47.126,58.713,69.032,61.019,52.081,59.926,69.148,80.787,79.628,75.172,0
2025-01-01T08:59:00,56.86,55.01,47.165,60.97,68.315,63.064,51.505,59.659,69.755,79.578,80.942,76.841,0
2025-01-01T09:00:00,58.716,57.069,45.206,57.133,48.525,61.978,54.152,58.518,69.78,78.744,57.097,76.626,0
2025-01-01T09:01:00,57.159,56.898,46.653,60.69,69.093,60.907,53.12,56.348,71.767,80.203,81.967,75.171,0
2025-01-01T09:02:00,59.266,56.727,46.028,59.973,69.421,60.23,53.153,58.687,69.925,77.106,81.223,78.269,0
2025-01-01T09:03:00,55.211,56.941,,57.49,69.477,59.319,56.534,57.319,68.835,77.166,80.646,,0
2025-01-01T09:04:00,54.844,58.606,44.769,59.746,,62.075,54.69,56.878,66.053,76.019,81.868,77.365,0
2025-01-01T09:05:00,53.638,60.188,46.3,58.366,69.423,63.901,55.891,55.147,69.3,75.715,,77.964,0
2025-01-01T09:06:00,53.81,56.825,44.094,55.79,69.442,61.858,53.627,57.533,69.762,75.947,82.642,81.017,0
2025-01-01T09:07:00,55.501,59.665,46.639,55.311,70.101,63.761,55.235,55.604,69.988,74.502,79.149,79.311,0
2025-01-01T09:08:00,52.718,59.903,46.408,56.058,68.619,,54.492,56.093,66.635,75.195,81.673,77.403,0
2025-01-01T09:09:00,52.464,60.587,45.28,55.307,71.007,66.438,53.699,56.333,65.366,76.591,80.861,82.873,0
2025-01-01T09:10:00,49.876,58.682,45.452,53.18,72.658,65.668,53.732,57.32,66.057,74.777,81.655,80.613,0
2025-01-01T09:11:00,,62.087,45.534,52.067,67.029,,55.503,57.13,65.273,78.074,79.231,84.284,0
2025-01-01T09:12:00,31.4,60.597,48.239,53.605,66.375,66.418,55.324,54.396,65.165,71.637,80.708,80.448,0
2025-01-01T09:13:00,52.059,62.973,48.241,52.458,70.296,66.272,58.019,52.687,65.01,74.435,79.554,,0
2025-01-01T09:14:00,49.391,61.588,44.139,54.271,66.736,66.879,57.739,55.016,60.337,76.774,81.761,81.921,0
2025-01-01T09:15:00,50.045,63.794,45.433,48.337,65.383,67.347,58.131,56.859,64.117,73.443,84.879,82.825,0
2025-01-01T09:16:00,,64.273,48.395,53.61,65.621,68.781,59.704,55.628,63.355,74.184,81.397,83.376,0
2025-01-01T09:17:00,46.288,62.855,50.613,51.269,67.908,67.209,59.995,55.605,62.925,72.553,83.384,82.884,0
2025-01-01T09:18:00,46.828,62.545,50.576,49.022,70.25,67.853,58.831,57.214,63.005,73.587,81.986,80.668,0
2025-01-01T09:19:00,47.906,63.131,49.643,49.854,68.759,68.183,77.474,54.306,62.392,76.61,78.726,82.727,0
2025-01-01T09:20:00,45.593,65.178,49.502,49.76,67.07,69.6,60.232,54.758,62.488,72.223,80.951,79.97,0
2025-01-01T09:21:00,44.572,60.359,53.604,49.489,66.481,70.087,58.002,54.569,61.592,74.129,80.618,82.117,0
2025-01-01T09:22:00,44.331,63.953,53.105,48.58,65.048,70.872,60.873,56.701,62.521,72.627,80.009,81.328,0
2025-01-01T09:23:00,42.219,65.357,50.091,51.2,65.883,68.997,60.546,55.82,62.267,72.29,79.233,83.224,0
2025-01-01T09:24:00,42.37,63.599,52.289,47.999,61.154,69.476,64.009,52.809,62.219,72.752,79.03,82.428,0
2025-01-01T09:25:00,41.591,,52.776,48.082,65.034,73.97,63.209,56.237,60.662,70.315,82.759,81.093,0
2025-01-01T09:26:00,42.838,63.193,51.377,48.348,63.125,70.484,63.307,56.7,59.436,70.932,81.294,81.54,0
2025-01-01T09:27:00,40.462,62.818,53.75,47.961,61.29,73.814,65.077,56.025,61.815,71.47,78.929,81.505,0
2025-01-01T09:28:00,40.915,64.012,56.288,48.268,61.982,70.607,64.31,52.907,58.467,70.964,80.712,82.788,0
2025-01-01T09:29:00,41.365,64.99,53.566,45.416,64.381,71.365,64.27,56.004,59.928,70.08,79.847,82.651,0
2025-01-01T09:30:00,42.857,61.63,55.277,44.204,62.547,71.973,66.036,55.42,60.06,70.211,80.171,82.161,0
2025-01-01T09:31:00,43.241,60.496,56.923,46.782,,71.906,66.108,56.183,60.136,,78.991,,0
2025-01-01T09:32:00,40.273,61.106,55.71,52.185,62.149,70.879,66.154,55.705,61.254,68.884,80.167,82.935,0
2025-01-01T09:33:00,44.476,60.177,59.479,46.582,59.113,72.633,65.397,56.048,57.826,68.444,77.723,84.635,0
2025-01-01T09:34:00,41.629,62.853,57.174,48.767,57.429,70.321,65.706,58.793,56.002,71.011,79.347,78.663,0
2025-01-01T09:35:00,40.585,62.41,58.172,45.887,61.282,71.35,65.35,57.173,58.711,66.981,78.208,84.774,0
2025-01-01T09:36:00,,60.071,55.864,47.752,61.618,,67.543,57.28,57.349,66.138,77.419,80.89,0
2025-01-01T09:37:00,40.755,61.294,59.995,47.403,57.77,71.792,67.875,58.083,55.985,,76.582,83.219,0
2025-01-01T09:38:00,39.2,60.22,61.203,47.732,57.15,70.937,66.859,59.447,57.907,65.055,77.803,83.458,0
2025-01-01T09:39:00,42.368,58.447,59.987,48.84,58.515,72.744,67.087,59.333,57.318,67.651,74.236,83.244,0
2025-01-01T09:40:00,42.868,58.898,60.168,50.046,58.669,70.308,67.883,56.734,57.677,66.803,75.262,,0
2025-01-01T09:41:00,,57.446,60.792,45.942,,72.269,67.213,61.632,57.924,64.557,79.684,81.927,0
2025-01-01T09:42:00,42.675,58.968,60.001,46.676,56.056,71.769,71.316,58.575,57.81,65.222,76.473,83.461,0
2025-01-01T09:43:00,43.069,55.367,82.754,49.388,56.937,70.374,68.791,59.742,56.235,62.711,75.214,82.141,0
2025-01-01T09:44:00,42.478,55.731,60.536,49.6,54.21,71.041,67.287,61.086,57.379,62.334,73.553,,0
2025-01-01T09:45:00,45.125,56.109,61.113,49.823,55.038,69.084,70.163,63.088,58.406,63.612,78.011,83.353,0
2025-01-01T09:46:00,,,65.455,49.082,55.546,69.969,71.479,63.804,60.322,62.983,74.49,82.953,0
2025-01-01T09:47:00,45.121,54.09,63.754,49.299,,71.388,52.119,62.322,79.886,64.836,73.591,82.916,0
2025-01-01T09:48:00,40.497,53.406,65.054,48.169,52.71,66.039,73.13,64.654,55.491,62.118,72.612,82.845,0
2025-01-01T09:49:00,45.985,51.978,64.13,48.208,74.749,66.999,68.663,60.701,58.55,64.372,72.199,82.269,0
2025-01-01T09:50:00,43.746,51.057,62.025,52.122,51.123,66.935,71.096,63.405,59.672,65.109,75.327,83.502,0
2025-01-01T09:51:00,,51.906,63.201,52.164,52.817,66.778,72.428,46.523,56.768,60.901,72.453,81.082,0
2025-01-01T09:52:00,45.54,49.361,,,52.015,67.445,74.774,63.7,55.241,64.528,68.5,80.891,0
2025-01-01T09:53:00,47.675,,64.973,52.51,,69.636,73.54,66.798,58.636,62.208,72.245,81.542,0
2025-01-01T09:54:00,48.814,48.036,64.912,,52.01,,71.188,65.299,57.212,62.583,71.393,79.798,0
2025-01-01T09:55:00,47.063,50.574,64.932,52.001,49.933,66.606,72.419,65.522,55.491,,73.277,,0
2025-01-01T09:56:00,48.175,52.102,64.759,54.903,53.13,67.259,73.605,65.845,58.26,60.092,71.598,81.855,0
2025-01-01T09:57:00,50.455,49.227,63.953,53.816,51.253,64.939,72.047,63.391,59.556,60.963,69.885,79.748,0
2025-01-01T09:58:00,49.334,50.318,66.379,53.16,50.925,68.238,73.799,64.456,58.21,59.995,69.444,79.943,0
2025-01-01T09:59:00,50.076,45.658,69.103,53.163,,65.618,71.438,66.354,61.505,60.514,69.878,79.89,0
2025-01-01T10:00:00,52.555,,61.425,56.516,49.383,63.512,72.068,66.224,59.903,60.34,71.11,81.977,0
2025-01-01T10:01:00,51.394,45.892,67.027,55.303,49.908,67.003,71.288,65.599,57.974,61.975,71.049,80.998,0
2025-01-01T10:02:00,56.187,47.493,62.595,57.209,49.932,63.926,72.376,,59.688,62.052,65.412,79.471,0
2025-01-01T10:03:00,,50.309,66.79,57.544,52.375,63.854,70.17,65.546,59.993,58.675,68.584,78.59,0
2025-01-01T10:04:00,,47.553,68.243,57.291,48.426,64.867,73.199,67.713,59.755,61.45,67.059,78.483,0
2025-01-01T10:05:00,56.445,43.919,65.444,56.914,52.221,61.795,74.388,69.832,59.161,60.554,66.649,75.876,0
2025-01-01T10:06:00,56.912,44.379,60.972,58.659,46.986,63.947,71.964,70.258,,58.165,66.421,78.649,0
2025-01-01T10:07:00,,44.542,65.641,60.186,51.85,62.399,73.463,69.434,61.617,57.973,66.31,77.797,0
2025-01-01T10:08:00,58.743,46.419,64.498,58.538,49.531,59.42,73.27,69.47,63.812,61.17,67.043,73.912,0
2025-01-01T10:09:00,57.921,44.068,63.619,57.408,,63.23,74.992,,61.53,59.188,69.056,77.647,0
2025-01-01T10:10:00,57.205,45.565,65.566,60.215,50.104,60.082,72.714,70.139,61.703,,,76.126,0
2025-01-01T10:11:00,57.951,42.783,64.656,59.842,52.467,60.12,73.905,70.82,61.608,61.124,66.637,78.894,0
2025-01-01T10:12:00,58.649,43.869,61.56,63.561,50.898,58.73,71.624,71.214,59.372,60.931,63.689,76.156,0
2025-01-01T10:13:00,58.979,44.404,62.428,58.224,49.33,57.644,73.431,70.482,63.367,59.387,63.765,74.418,0
2025-01-01T10:14:00,58.023,41.443,63.058,62.206,51.795,58.105,73.175,71.55,64.024,60.153,69.433,77.128,0
2025-01-01T10:15:00,62.136,43.943,,60.654,50.645,59.073,70.012,72.781,65.22,60.836,,75.294,0
2025-01-01T10:16:00,60.285,45.865,60.921,65.052,50.764,56.437,72.613,71.551,63.523,59.29,62.377,74.423,0
2025-01-01T10:17:00,60.85,41.384,60.481,62.587,51.234,55.191,71.88,73.82,65.137,62.485,65.153,73.218,0
2025-01-01T10:18:00,,43.396,59.794,61.869,50.51,56.6,70.299,74.882,67.328,60.053,61.38,73.68,0
2025-01-01T10:19:00,57.418,43.402,62.064,62.28,50.16,56.648,71.055,74.392,64.253,62.505,82.294,72.885,0
2025-01-01T10:20:00,60.529,44.825,59.152,64.084,49.211,53.605,72.466,73.067,65.122,,63.934,72.313,0
2025-01-01T10:21:00,64.071,43.766,59.899,64.623,53.255,51.388,70.425,74.076,65.307,60.348,63.567,73.29,0
2025-01-01T10:22:00,62.306,44.314,60.034,63.153,52.376,55.9,70.878,73.376,69.167,59.35,64.172,72.974,0
2025-01-01T10:23:00,62.687,43.441,56.636,63.692,52.509,55.552,69.886,74.992,68.973,59.754,61.636,71.986,0
2025-01-01T10:24:00,64.522,41.227,58.634,65.428,53.2,52.161,72.042,75.977,67.869,60.308,64.477,72.26,0
2025-01-01T10:25:00,59.382,44.587,58.329,66.386,51.452,51.125,63.394,74.793,,60.717,40.503,72.7,0
2025-01-01T10:26:00,,45.254,55.573,68.83,54.006,,65.06,77.193,69.32,59.102,65.33,73.409,0
2025-01-01T10:27:00,63.884,49.122,60.312,64.563,51.857,54.71,70.271,73.613,67.179,61.143,62.84,70.44,0
2025-01-01T10:28:00,60.372,,54.381,68.464,53.41,55.137,69.252,77.002,67.838,64.28,65.299,69.717,0
2025-01-01T10:29:00,83.21,46.554,53.314,,53.557,53.035,65.38,76.974,69.074,60.397,60.396,71.554,0
2025-01-01T10:30:00,60.472,50.373,53.9,67.322,56.892,52.297,67.437,77.823,69.0,62.458,59.257,73.359,0
2025-01-01T10:31:00,58.741,46.32,55.229,66.351,,53.951,66.586,74.827,70.649,63.554,62.953,69.127,0
2025-01-01T10:32:00,61.942,46.915,52.633,66.079,56.582,53.713,65.262,,73.027,62.989,63.363,,0
2025-01-01T10:33:00,59.202,46.029,52.993,68.556,58.807,52.07,67.453,75.484,71.553,62.0,62.018,67.303,0
2025-01-01T10:34:00,58.888,49.722,52.47,65.137,58.842,51.816,68.052,77.448,73.386,65.212,61.65,68.039,0
2025-01-01T10:35:00,59.216,48.954,50.659,,55.634,50.707,64.844,76.21,71.528,66.29,62.223,66.532,0
2025-01-01T10:36:00,57.719,49.1,51.234,68.202,58.637,52.255,66.243,77.608,73.806,63.319,61.477,,0
2025-01-01T10:37:00,,51.664,48.982,69.026,56.4,51.964,63.865,,71.761,63.116,60.487,66.155,0
2025-01-01T10:38:00,58.886,52.796,49.044,68.665,60.022,54.015,63.693,75.893,71.705,62.236,60.608,66.934,0
2025-01-01T10:39:00,57.247,51.178,,64.772,59.595,52.955,64.867,74.582,74.328,64.656,62.711,66.128,0
2025-01-01T10:40:00,61.523,53.363,46.977,66.403,60.801,50.902,60.684,74.651,76.408,66.68,62.265,68.81,0
2025-01-01T10:41:00,56.946,53.742,51.93,66.284,56.612,50.771,64.472,75.46,74.876,65.5,59.6,67.306,0
2025-01-01T10:42:00,54.384,75.073,47.096,66.697,59.639,48.3,60.411,76.034,75.359,66.822,62.085,67.509,0
2025-01-01T10:43:00,57.156,52.638,49.229,65.964,62.933,54.7,62.028,76.466,73.927,65.255,62.898,63.885,0
2025-01-01T10:44:00,53.331,,47.661,65.462,60.499,52.176,59.931,73.705,74.417,67.159,61.146,64.003,0
2025-01-01T10:45:00,53.131,59.567,44.428,66.128,62.479,54.226,59.658,74.166,77.331,67.098,62.049,64.353,0
2025-01-01T10:46:00,55.819,58.249,69.036,66.168,64.31,52.984,62.307,72.661,76.716,63.679,62.155,63.496,0
2025-01-01T10:47:00,54.42,57.102,47.192,66.871,60.633,72.602,61.581,72.315,72.954,67.311,62.11,63.5,0
2025-01-01T10:48:00,51.687,,45.712,63.002,63.058,51.798,60.352,74.773,,,61.529,65.232,0
2025-01-01T10:49:00,50.844,57.8,46.559,65.714,65.745,52.166,61.149,72.28,76.805,69.116,62.866,64.232,0
2025-01-01T10:50:00,,56.087,46.043,64.763,64.428,51.683,60.355,72.41,,91.084,62.011,64.651,0
2025-01-01T10:51:00,53.515,58.064,45.796,,64.338,56.554,,73.002,75.997,65.749,63.045,43.245,0
2025-01-01T10:52:00,52.678,59.579,45.631,64.323,65.209,54.384,58.035,72.886,78.815,70.409,61.734,65.015,0
2025-01-01T10:53:00,50.794,60.038,45.902,61.419,66.243,52.177,57.902,72.621,77.926,70.279,63.115,66.906,0
2025-01-01T10:54:00,49.641,61.858,45.468,63.586,66.207,52.243,57.315,73.77,79.166,71.133,61.94,67.453,0
2025-01-01T10:55:00,45.948,,42.962,63.206,67.871,53.394,60.392,71.153,,70.578,65.466,62.636,0
2025-01-01T10:56:00,47.496,63.986,45.519,63.037,67.37,54.542,57.296,70.562,76.398,70.276,65.676,,0
2025-01-01T10:57:00,47.596,59.261,44.535,60.556,63.896,53.151,53.427,69.224,76.25,71.249,64.816,63.687,0
2025-01-01T10:58:00,45.738,62.342,46.707,62.088,70.977,56.242,56.315,,75.953,70.726,67.046,63.731,0
2025-01-01T10:59:00,47.732,63.078,44.8,59.438,67.551,54.119,57.296,72.504,78.214,68.226,,62.43,0
2025-01-01T11:00:00,45.211,61.788,44.664,62.779,67.305,56.045,55.516,71.599,75.856,74.201,65.087,63.451,0
2025-01-01T11:01:00,43.057,62.968,47.439,59.321,66.81,54.812,56.258,47.748,80.36,72.729,67.936,63.146,0
2025-01-01T11:02:00,46.71,64.249,46.716,58.392,66.057,54.485,57.442,,77.49,73.629,65.432,65.478,0
2025-01-01T11:03:00,42.416,63.996,45.451,56.41,68.286,55.522,56.078,67.997,76.161,71.712,67.848,62.392,0
2025-01-01T11:04:00,46.615,62.278,47.766,,68.683,56.94,55.663,68.433,78.61,75.063,67.086,63.334,0
2025-01-01T11:05:00,41.81,63.115,46.454,57.149,70.901,59.683,54.076,66.09,77.617,,66.044,63.703,0
2025-01-01T11:06:00,40.646,63.702,47.941,56.508,68.345,56.045,54.054,66.642,77.395,74.821,63.355,64.764,0
2025-01-01T11:07:00,42.496,63.714,,56.604,69.155,59.033,53.6,67.623,79.261,73.918,67.721,64.786,0
2025-01-01T11:08:00,44.421,60.742,48.536,55.31,69.26,58.277,54.212,67.116,76.033,77.89,65.698,62.582,0
2025-01-01T11:09:00,43.601,62.605,47.743,55.282,69.31,58.785,52.507,67.484,76.62,74.599,67.113,65.918,0
2025-01-01T11:10:00,38.553,60.621,48.871,55.023,68.97,58.584,,66.29,76.649,,67.862,63.613,0
2025-01-01T11:11:00,,64.612,48.713,55.993,72.462,60.543,51.866,67.534,77.357,77.144,68.404,64.259,0
2025-01-01T11:12:00,40.554,64.527,51.0,57.156,71.437,60.476,54.048,66.058,77.868,74.282,67.019,,0
2025-01-01T11:13:00,43.167,64.675,51.68,33.357,68.65,61.972,52.533,65.178,78.854,74.261,67.701,64.215,0
2025-01-01T11:14:00,43.484,66.87,47.915,56.37,69.365,61.535,53.688,63.832,76.375,74.785,69.474,64.825,0
2025-01-01T11:15:00,41.708,62.295,,52.689,68.73,62.076,53.113,62.437,76.006,76.081,71.486,64.143,0
2025-01-01T11:16:00,41.433,61.143,47.873,52.162,69.337,63.118,55.394,61.967,76.777,,70.48,63.946,0
2025-01-01T11:17:00,40.598,62.665,51.942,52.03,71.828,63.779,57.248,,76.067,76.664,71.945,,0
2025-01-01T11:18:00,40.161,61.518,52.4,51.71,70.619,61.207,52.9,63.797,75.544,79.761,68.943,62.617,0
2025-01-01T11:19:00,20.06,64.617,52.734,50.406,70.048,63.066,55.111,63.685,75.38,77.884,69.21,68.155,0
2025-01-01T11:20:00,42.589,64.331,54.09,50.579,67.883,64.092,52.256,63.393,74.485,80.845,71.48,65.209,0
2025-01-01T11:21:00,40.46,60.896,72.85,50.154,69.859,62.257,54.711,62.429,76.441,76.921,72.247,64.814,0
2025-01-01T11:22:00,43.06,60.908,53.973,51.462,67.986,65.44,54.089,58.891,74.12,79.287,,67.156,0
2025-01-01T11:23:00,44.507,60.059,53.729,49.792,66.822,66.09,54.84,66.242,75.642,80.649,71.62,63.344,0
2025-01-01T11:24:00,43.748,61.199,57.698,50.159,,64.664,55.253,59.179,73.986,78.067,71.765,66.652,0
2025-01-01T11:25:00,44.671,58.118,54.487,49.886,67.439,65.818,55.126,58.618,75.766,80.563,73.046,65.844,0
2025-01-01T11:26:00,43.979,57.992,,49.031,67.177,65.526,56.905,57.701,74.931,79.014,73.728,65.278,0
2025-01-01T11:27:00,45.946,59.501,58.908,52.431,64.665,,54.87,58.144,76.045,77.561,73.884,67.408,0
2025-01-01T11:28:00,47.669,59.165,57.44,,69.556,66.411,56.215,60.506,72.341,78.458,74.866,67.985,0
2025-01-01T11:29:00,45.57,57.028,56.383,47.202,67.485,66.882,54.831,58.243,73.948,78.747,74.544,66.296,0
2025-01-01T11:30:00,43.901,55.113,59.045,46.616,64.539,70.227,56.891,58.056,73.135,80.854,76.814,65.419,0
2025-01-01T11:31:00,48.155,57.295,58.41,49.037,65.651,69.783,57.344,77.55,69.973,78.689,77.472,68.205,0
2025-01-01T11:32:00,44.655,56.331,,47.971,62.529,68.506,59.122,58.871,70.719,79.347,74.765,67.282,0
2025-01-01T11:33:00,46.135,56.457,58.325,49.765,64.04,70.99,57.064,58.114,71.655,81.824,76.216,68.326,0
2025-01-01T11:34:00,47.946,55.798,58.908,45.91,64.676,70.645,58.471,56.268,70.994,,77.473,66.542,0
2025-01-01T11:35:00,47.876,54.164,61.756,47.668,67.191,70.398,56.007,57.243,,80.369,74.216,70.115,0
2025-01-01T11:36:00,48.466,55.5,64.524,49.663,63.879,68.865,58.305,58.211,73.218,78.388,78.969,68.439,0
2025-01-01T11:37:00,52.101,54.004,63.733,,64.464,70.292,59.452,57.217,70.033,78.714,77.114,69.771,0
2025-01-01T11:38:00,48.197,48.966,,49.049,62.45,70.227,56.827,,,79.705,77.99,70.833,0
2025-01-01T11:39:00,50.553,49.463,63.441,50.492,61.394,73.527,60.151,52.493,67.871,76.802,76.863,67.989,0
2025-01-01T11:40:00,50.947,52.879,63.874,,62.805,71.875,57.571,58.904,68.735,80.322,80.9,68.503,0
2025-01-01T11:41:00,50.765,51.09,64.804,47.282,61.869,70.85,59.534,57.144,66.289,77.5,,70.159,0
2025-01-01T11:42:00,50.759,49.638,63.511,50.091,60.754,72.334,60.312,56.475,68.996,,80.831,71.598,0
2025-01-01T11:43:00,51.326,48.712,67.792,50.904,58.27,74.632,,58.205,,82.818,79.515,67.841,0
2025-01-01T11:44:00,55.827,48.883,65.48,46.461,61.271,71.251,60.825,56.735,68.006,79.219,78.356,73.329,0
2025-01-01T11:45:00,54.206,48.916,65.751,49.878,59.402,70.518,61.339,56.351,65.013,,79.46,72.697,0
2025-01-01T11:46:00,56.369,49.348,62.973,49.65,56.734,71.644,63.708,55.547,64.927,82.729,,74.791,0
2025-01-01T11:47:00,56.479,48.0,63.785,47.521,79.308,71.671,62.411,55.702,64.039,78.809,79.873,74.416,0
2025-01-01T11:48:00,57.11,45.854,63.949,48.751,56.11,73.995,61.093,,64.568,79.634,81.235,72.999,0
2025-01-01T11:49:00,58.789,47.223,62.978,53.401,56.392,69.123,65.171,,62.329,79.214,80.196,73.744,0
2025-01-01T11:50:00,56.295,46.544,68.463,,57.305,72.95,62.546,54.762,63.088,75.587,80.943,74.785,0
2025-01-01T11:51:00,58.872,47.595,66.921,52.403,57.902,71.777,65.613,55.69,64.481,,80.72,74.357,0
2025-01-01T11:52:00,58.719,46.202,67.053,52.844,,71.496,61.648,55.406,63.857,76.856,79.277,76.956,0
2025-01-01T11:53:00,59.794,44.306,63.675,52.594,55.553,,66.126,,66.362,,82.118,76.657,0
2025-01-01T11:54:00,60.569,45.847,67.862,48.523,53.23,69.891,63.368,57.008,62.931,77.517,82.614,76.501,0
2025-01-01T11:55:00,59.136,43.486,65.736,52.602,55.541,71.781,68.278,55.691,,76.689,82.348,75.365,0
2025-01-01T11:56:00,60.143,42.443,65.758,53.114,53.059,73.017,65.507,58.195,65.736,73.619,83.58,73.815,0
2025-01-01T11:57:00,62.409,41.09,65.757,53.831,54.123,,65.525,54.047,63.587,75.127,82.254,78.478,0
2025-01-01T11:58:00,61.109,45.849,66.782,55.397,54.196,74.299,67.86,54.88,60.183,73.231,82.629,76.026,0
2025-01-01T11:59:00,63.243,43.951,63.591,53.301,52.41,,68.962,57.52,60.717,77.174,80.529,77.763,0
2025-01-01T12:00:00,57.513,44.293,65.846,54.607,54.428,70.987,68.468,58.547,59.453,75.784,82.755,79.388,0
2025-01-01T12:01:00,63.317,44.401,60.107,57.11,52.672,,70.328,,62.069,72.731,83.5,81.692,0
2025-01-01T12:02:00,58.475,42.564,62.753,53.016,53.82,71.536,65.019,59.67,58.252,73.931,82.424,77.593,0
2025-01-01T12:03:00,59.297,45.618,63.848,58.678,50.366,,70.046,56.153,58.882,71.738,81.074,79.262,0
2025-01-01T12:04:00,60.86,46.465,64.257,57.905,,67.816,69.811,57.726,60.212,70.92,82.699,76.817,0
2025-01-01T12:05:00,64.259,43.525,63.864,57.516,47.944,70.332,67.764,61.264,58.946,73.409,81.641,,0
2025-01-01T12:06:00,,42.381,61.621,58.738,,68.764,71.442,58.506,61.712,73.178,81.661,79.081,0
2025-01-01T12:07:00,63.147,46.074,,,49.335,67.788,69.003,60.248,59.134,75.805,82.128,79.108,0
2025-01-01T12:08:00,63.427,45.49,64.72,58.652,48.96,69.814,,59.802,78.228,73.734,,80.611,0
2025-01-01T12:09:00,62.724,46.56,65.494,59.228,47.131,68.738,71.264,59.613,57.193,71.411,81.643,83.93,0
2025-01-01T12:10:00,61.696,46.053,63.625,61.02,51.503,68.403,72.006,62.946,56.662,71.306,80.585,83.635,0
2025-01-01T12:11:00,61.238,43.97,59.535,59.741,51.974,67.423,74.47,61.331,57.628,71.474,80.661,82.743,0
2025-01-01T12:12:00,61.917,,59.86,61.63,47.951,66.679,73.103,61.742,56.767,73.608,79.804,81.179,0
2025-01-01T12:13:00,,45.981,60.625,62.298,49.239,66.218,72.678,62.265,58.37,69.823,80.045,80.133,0
2025-01-01T12:14:00,60.379,47.756,59.54,,49.779,66.43,71.62,61.392,59.219,71.772,80.568,83.848,0
2025-01-01T12:15:00,57.932,45.919,58.348,62.229,49.529,67.083,,61.387,58.672,68.239,,80.518,0
2025-01-01T12:16:00,58.248,47.679,,60.06,51.383,65.422,73.53,62.717,,70.296,79.901,84.016,0
2025-01-01T12:17:00,60.214,45.967,60.982,,49.013,64.129,,62.669,56.836,70.068,81.189,82.631,0
2025-01-01T12:18:00,58.515,50.34,59.806,62.813,49.433,64.784,,61.749,58.128,66.562,,84.063,0
2025-01-01T12:19:00,56.293,48.413,56.579,86.191,53.946,62.941,73.559,63.574,57.935,45.825,78.868,81.522,0
2025-01-01T12:20:00,54.572,50.975,56.478,66.691,30.664,63.555,72.302,64.523,57.676,68.406,63.183,82.419,0
2025-01-01T12:21:00,57.264,51.375,75.11,64.565,48.954,63.137,74.115,65.814,54.649,67.62,79.115,83.921,0
2025-01-01T12:22:00,55.893,48.985,53.464,64.181,50.559,59.883,76.855,63.819,57.568,48.759,80.551,81.461,0
2025-01-01T12:23:00,,50.716,54.567,68.197,,64.71,74.226,64.159,56.094,66.867,78.602,86.508,0
2025-01-01T12:24:00,57.944,50.4,54.32,63.867,50.122,61.404,71.096,65.885,58.539,67.089,77.636,86.307,0
2025-01-01T12:25:00,54.384,51.63,53.242,64.123,49.438,59.789,73.945,66.529,57.815,65.398,79.833,82.315,0
2025-01-01T12:26:00,54.65,53.363,54.961,,52.624,59.779,,67.503,58.341,,79.495,84.462,0
2025-01-01T12:27:00,54.844,51.222,51.703,66.875,50.538,58.848,,64.88,56.013,64.726,76.64,82.905,0
2025-01-01T12:28:00,54.191,53.4,55.553,64.951,52.941,59.145,75.373,67.973,56.993,,77.428,82.827,0
2025-01-01T12:29:00,54.562,52.859,50.251,66.959,52.474,60.083,72.647,66.42,57.72,63.941,79.534,84.077,0
2025-01-01T12:30:00,50.912,54.173,52.719,68.321,55.664,59.99,70.346,65.959,57.855,61.783,79.325,82.028,0
2025-01-01T12:31:00,52.634,56.007,50.758,65.953,53.145,55.454,72.371,68.603,58.031,62.904,78.202,84.452,0
2025-01-01T12:32:00,52.432,55.099,51.106,68.455,53.848,58.688,71.592,69.278,58.595,63.803,73.274,83.224,0
2025-01-01T12:33:00,49.57,60.108,50.053,66.431,52.537,58.205,74.037,72.611,58.988,64.981,73.415,82.383,0
2025-01-01T12:34:00,50.727,57.274,49.628,67.114,51.03,55.584,74.349,69.446,60.988,66.198,74.758,84.169,0
2025-01-01T12:35:00,49.93,54.58,48.719,69.592,54.426,55.797,72.569,70.633,59.726,62.02,76.525,88.68,0
2025-01-01T12:36:00,46.703,,47.288,66.533,55.21,57.461,70.918,68.772,58.76,62.22,95.242,82.369,0
2025-01-01T12:37:00,44.573,59.968,49.178,,54.625,56.701,71.804,71.743,62.019,60.867,75.278,84.073,0
2025-01-01T12:38:00,46.381,59.686,44.571,67.815,55.774,,70.896,71.208,,61.179,74.421,81.367,0
2025-01-01T12:39:00,47.575,59.162,47.923,68.524,58.966,56.861,,71.85,61.079,60.472,73.104,82.965,0
2025-01-01T12:40:00,43.667,60.349,47.689,67.83,54.592,53.986,71.121,72.386,61.249,,73.279,84.686,0
2025-01-01T12:41:00,44.481,59.904,47.577,66.213,58.528,53.868,74.161,71.999,60.832,61.786,54.33,80.513,0
2025-01-01T12:42:00,44.449,58.136,49.429,65.793,55.168,54.155,71.032,75.118,61.712,62.876,75.171,83.104,0
2025-01-01T12:43:00,43.806,60.505,47.336,69.179,59.523,50.878,,76.314,62.537,59.628,74.4,82.444,0
2025-01-01T12:44:00,45.051,61.224,47.476,64.562,60.326,51.618,,72.446,59.296,60.226,74.717,83.49,0
2025-01-01T12:45:00,43.359,63.262,46.304,67.581,,55.41,69.424,74.041,62.871,61.522,71.959,,0
2025-01-01T12:46:00,43.451,63.708,47.063,68.739,61.615,51.265,70.509,75.939,63.344,61.443,72.397,83.15,0
2025-01-01T12:47:00,43.14,62.117,47.537,63.27,38.889,,71.338,74.508,63.153,64.549,70.659,82.755,0
2025-01-01T12:48:00,,64.587,,64.64,40.233,49.216,65.862,72.991,61.166,60.402,71.948,81.272,0
2025-01-01T12:49:00,42.745,62.396,45.676,62.611,62.727,51.794,67.535,75.148,65.299,60.835,71.359,83.517,0
2025-01-01T12:50:00,,63.442,44.621,63.34,59.086,54.38,67.603,74.906,61.205,58.912,68.35,80.836,0
2025-01-01T12:51:00,38.288,65.902,45.027,64.242,59.822,56.119,67.937,75.603,63.352,59.392,69.071,80.721,0
2025-01-01T12:52:00,43.214,62.345,45.025,67.081,61.679,52.614,65.692,76.764,65.357,59.74,,83.706,0
2025-01-01T12:53:00,44.555,,46.652,66.388,61.088,52.762,66.717,73.972,,57.837,67.185,,0
2025-01-01T12:54:00,42.43,62.536,46.841,62.852,62.425,51.222,67.279,75.185,68.489,61.223,69.247,80.488,0
2025-01-01T12:55:00,42.816,62.749,48.484,60.74,63.22,55.925,63.436,77.422,67.129,58.549,69.443,81.476,0
2025-01-01T12:56:00,42.985,,47.173,60.19,62.74,50.801,64.866,77.779,66.252,57.81,67.513,81.047,0
2025-01-01T12:57:00,42.395,64.368,48.023,62.713,63.431,52.17,67.618,75.785,66.651,62.011,69.778,,0
2025-01-01T12:58:00,42.243,63.1,47.536,61.167,66.328,52.776,65.632,75.845,68.372,60.003,67.391,77.594,0
2025-01-01T12:59:00,42.631,65.848,48.275,62.741,65.135,54.234,64.718,73.921,67.932,61.555,64.886,78.757,0
2025-01-01T13:00:00,39.789,62.205,45.595,63.441,,48.629,65.017,74.244,70.285,,,80.705,0
2025-01-01T13:01:00,41.111,65.897,48.007,62.437,67.398,51.564,65.002,77.136,68.692,58.858,66.309,78.432,0
2025-01-01T13:02:00,44.566,61.978,48.165,58.856,65.271,51.562,62.759,74.633,68.381,57.29,66.378,78.436,0
2025-01-01T13:03:00,,60.73,49.073,58.45,64.881,53.375,64.086,77.87,71.353,58.486,65.293,76.648,0
2025-01-01T13:04:00,44.733,63.994,49.434,59.632,65.272,53.78,60.644,74.234,69.794,62.014,63.478,77.312,0
2025-01-01T13:05:00,40.642,62.056,49.37,59.995,67.261,55.886,59.897,78.253,71.496,60.98,66.907,76.326,0
2025-01-01T13:06:00,41.898,64.257,51.459,58.461,68.627,51.032,59.821,73.972,69.436,64.487,66.943,76.891,0
2025-01-01T13:07:00,45.325,63.982,47.223,56.149,66.098,51.444,64.208,80.517,69.117,58.024,66.399,75.586,0
2025-01-01T13:08:00,41.21,59.585,51.653,56.32,65.725,54.094,62.34,75.89,72.191,60.944,65.193,74.855,0
2025-01-01T13:09:00,46.77,60.277,,57.643,68.04,54.235,60.075,70.412,72.936,62.815,66.311,75.088,0
2025-01-01T13:10:00,46.663,,53.671,58.274,68.593,51.977,59.525,74.691,71.649,63.845,61.82,75.679,0
2025-01-01T13:11:00,48.325,58.19,52.078,56.027,70.334,54.163,60.413,77.129,71.235,62.039,64.123,76.081,0
2025-01-01T13:12:00,47.22,61.99,49.551,56.152,68.065,54.177,55.943,78.654,,61.753,61.845,75.067,0
2025-01-01T13:13:00,48.053,,53.52,57.133,73.343,53.45,60.367,76.155,74.566,62.452,63.569,75.717,0
2025-01-01T13:14:00,48.589,58.506,55.937,54.991,67.605,54.045,55.925,73.578,74.389,65.931,61.115,74.615,0
2025-01-01T13:15:00,48.576,60.463,51.379,54.123,67.762,55.809,57.298,75.471,71.876,62.441,64.802,77.727,0
2025-01-01T13:16:00,,58.266,,52.608,71.356,56.001,56.692,76.888,72.846,62.782,64.041,77.417,0
2025-01-01T13:17:00,48.227,58.78,53.293,52.39,70.83,59.02,57.673,75.679,75.832,66.596,62.906,74.815,0
2025-01-01T13:18:00,49.785,57.249,53.906,52.664,67.841,55.693,55.072,72.304,76.607,64.844,66.597,72.645,0
2025-01-01T13:19:00,52.752,57.365,54.196,54.926,70.271,57.875,58.249,70.279,75.081,66.639,64.5,71.335,0
2025-01-01T13:20:00,53.656,56.001,54.74,,73.306,,53.959,73.779,76.748,63.317,63.708,70.561,0
2025-01-01T13:21:00,54.344,58.612,57.654,50.472,70.754,57.308,55.581,94.307,74.799,64.899,63.546,72.276,0
2025-01-01T13:22:00,51.782,56.745,59.137,51.262,68.014,59.821,57.211,71.505,76.275,66.686,65.01,71.208,0
2025-01-01T13:23:00,49.109,53.466,60.572,49.751,68.172,58.833,53.539,75.05,77.315,64.226,60.357,71.508,0
2025-01-01T13:24:00,53.185,52.6,59.22,50.987,68.456,57.815,54.987,72.645,75.052,64.482,,69.7,0
2025-01-01T13:25:00,,54.037,58.371,48.029,,59.674,56.988,70.452,75.145,66.638,63.208,72.008,0
2025-01-01T13:26:00,54.671,53.007,57.757,,68.416,60.975,55.55,70.92,76.651,66.858,63.186,70.956,0
2025-01-01T13:27:00,56.374,50.722,62.402,49.81,69.184,58.214,58.414,71.024,78.244,66.26,,69.917,0
2025-01-01T13:28:00,58.418,52.133,60.758,48.443,70.089,61.233,56.399,69.058,72.842,69.29,59.601,69.59,0
2025-01-01T13:29:00,56.475,47.713,61.707,48.009,70.443,62.705,54.667,68.292,77.862,69.192,61.2,70.743,0
2025-01-01T13:30:00,,49.61,62.89,49.335,68.399,62.502,54.218,68.69,75.926,70.848,63.46,71.234,0
2025-01-01T13:31:00,,,61.16,49.259,67.629,61.899,54.25,70.161,60.414,68.776,63.402,67.905,0
2025-01-01T13:32:00,59.914,,62.474,28.827,68.734,63.532,53.308,70.548,77.398,70.08,62.016,67.627,0
2025-01-01T13:33:00,58.74,48.103,65.141,50.114,67.074,46.296,54.125,69.705,76.644,70.826,60.166,71.029,0
2025-01-01T13:34:00,60.895,49.213,63.706,49.973,64.161,63.825,54.088,69.517,77.121,68.324,60.428,66.445,0
2025-01-01T13:35:00,61.208,51.041,64.175,45.221,68.784,84.523,53.042,69.464,77.479,70.206,62.172,67.995,0
2025-01-01T13:36:00,60.344,48.269,63.529,47.87,69.023,64.401,35.609,66.858,78.756,71.956,61.914,67.403,0
2025-01-01T13:37:00,61.321,47.318,64.322,47.191,65.792,63.539,53.557,64.902,78.883,72.686,,68.356,0
2025-01-01T13:38:00,59.857,44.333,60.97,48.372,68.315,66.709,53.251,68.288,78.399,70.272,62.919,89.498,0
2025-01-01T13:39:00,60.125,43.772,66.124,50.159,65.442,66.746,53.892,64.094,74.426,70.093,,67.876,0
2025-01-01T13:40:00,64.35,45.62,62.626,50.974,66.918,67.392,55.203,64.318,80.515,74.73,64.16,67.091,0
2025-01-01T13:41:00,61.197,46.887,64.113,48.501,63.65,70.481,55.542,67.602,76.23,72.912,62.815,65.939,0
2025-01-01T13:42:00,63.643,46.072,67.063,44.418,64.06,66.411,54.308,65.662,77.376,72.93,62.014,65.695,0
2025-01-01T13:43:00,64.647,45.017,62.958,47.356,61.691,68.88,54.607,64.422,77.773,76.359,63.737,,0
2025-01-01T13:44:00,62.232,45.7,65.82,49.836,66.33,66.375,56.879,63.463,77.147,71.483,62.965,66.385,0
2025-01-01T13:45:00,61.201,45.596,66.449,48.724,62.873,69.483,54.378,63.022,77.524,72.659,63.052,65.109,0
2025-01-01T13:46:00,61.947,42.908,66.261,48.894,62.862,69.466,56.117,84.181,77.011,75.991,63.612,63.197,0
2025-01-01T13:47:00,63.805,44.734,67.041,49.251,62.402,69.669,55.561,60.915,77.476,74.311,63.428,64.435,0
2025-01-01T13:48:00,60.812,43.292,64.925,51.799,,68.192,55.14,62.837,76.41,72.947,62.914,66.733,0
2025-01-01T13:49:00,62.437,44.917,64.656,50.329,64.021,71.064,54.729,63.392,81.01,77.587,68.731,62.8,0
2025-01-01T13:50:00,57.677,43.971,65.477,50.085,61.212,70.982,55.448,62.08,75.905,76.729,67.198,65.529,0
2025-01-01T13:51:00,63.88,47.363,65.939,51.693,58.628,,56.729,62.939,79.276,77.459,65.294,65.094,0
2025-01-01T13:52:00,61.231,42.875,66.113,32.042,61.608,68.474,53.184,61.681,75.722,78.089,63.107,86.077,0
2025-01-01T13:53:00,62.419,44.28,,52.095,60.275,71.484,55.286,57.897,74.111,74.613,66.407,66.303,0
2025-01-01T13:54:00,59.59,44.172,64.365,49.194,57.578,71.736,56.653,60.51,74.242,77.52,65.799,62.152,0
2025-01-01T13:55:00,60.338,25.729,66.995,52.214,62.042,,59.714,60.971,,76.319,65.348,64.43,0
2025-01-01T13:56:00,59.949,45.745,65.154,33.18,,71.501,55.282,59.036,75.496,77.611,65.996,62.829,0
2025-01-01T13:57:00,43.252,43.953,64.655,52.921,56.032,,57.619,,76.915,78.159,68.973,64.512,0
2025-01-01T13:58:00,60.272,45.36,64.613,52.527,57.244,71.842,58.093,58.126,74.409,75.501,65.474,65.961,0
2025-01-01T13:59:00,60.273,44.805,62.703,53.675,60.05,71.785,58.623,59.741,75.736,81.488,70.254,65.094,0
2025-01-01T14:00:00,58.718,45.4,64.496,53.492,55.963,73.413,61.999,57.94,75.779,78.999,68.961,63.454,0
2025-01-01T14:01:00,55.3,45.213,61.522,56.468,56.41,74.297,60.547,55.021,75.047,79.508,68.076,64.335,0
2025-01-01T14:02:00,54.703,44.764,,55.888,,,58.23,57.674,73.769,78.171,,64.739,0
2025-01-01T14:03:00,57.529,46.591,62.999,54.006,54.475,74.88,60.413,57.471,74.125,78.794,69.418,65.435,0
2025-01-01T14:04:00,55.28,51.416,61.219,58.442,54.177,73.695,61.703,59.693,92.423,79.74,69.569,64.11,0
2025-01-01T14:05:00,57.931,48.429,62.027,56.747,53.138,70.209,60.484,59.608,72.731,78.747,69.915,67.148,0
2025-01-01T14:06:00,55.904,47.29,61.655,57.855,54.042,73.223,42.922,59.073,72.247,80.391,67.68,62.313,0
2025-01-01T14:07:00,54.939,49.954,58.597,59.354,54.261,74.548,63.217,59.103,70.582,81.777,68.437,63.259,0
2025-01-01T14:08:00,54.455,46.761,60.509,57.355,54.967,72.674,62.546,77.738,73.896,78.275,71.954,67.172,0
2025-01-01T14:09:00,51.527,49.322,57.902,58.17,50.765,70.324,61.194,56.838,,80.527,72.513,65.555,0
2025-01-01T14:10:00,52.324,49.841,58.15,57.298,52.757,70.765,61.614,57.211,,80.948,69.186,66.498,0
2025-01-01T14:11:00,52.241,52.129,56.367,61.628,53.865,70.083,62.266,54.175,69.616,79.888,71.413,64.772,0
2025-01-01T14:12:00,52.295,49.919,57.516,59.275,51.158,71.42,64.817,53.97,68.727,80.151,74.15,63.221,0
2025-01-01T14:13:00,51.158,51.034,56.9,60.856,51.387,70.242,62.438,57.319,71.013,79.586,72.932,63.092,0
2025-01-01T14:14:00,46.336,55.496,54.36,61.484,49.071,,64.822,56.872,73.596,79.382,73.528,61.915,0
2025-01-01T14:15:00,48.278,54.917,57.154,60.6,50.896,70.186,62.855,55.119,69.864,80.6,75.133,66.262,0
2025-01-01T14:16:00,50.776,54.749,53.359,65.988,51.13,70.925,,,71.019,82.169,74.324,66.19,0
2025-01-01T14:17:00,46.404,54.467,55.787,63.433,48.216,69.617,69.082,56.524,68.32,77.931,74.813,67.178,0
2025-01-01T14:18:00,47.381,55.825,55.836,64.599,51.786,73.483,67.697,56.908,69.376,82.899,76.589,67.628,0
2025-01-01T14:19:00,45.027,53.34,52.971,65.078,49.565,70.102,67.354,56.741,67.262,80.285,74.435,63.968,0
2025-01-01T14:20:00,44.279,57.759,53.93,65.525,48.697,67.62,66.435,55.612,67.267,79.231,76.942,67.327,0
2025-01-01T14:21:00,43.966,57.558,,65.347,,69.187,65.148,58.272,64.844,81.422,74.075,62.723,0
2025-01-01T14:22:00,45.649,58.68,54.027,64.723,46.564,69.917,69.992,53.922,66.296,77.999,76.533,68.885,0
2025-01-01T14:23:00,43.384,57.678,51.74,65.369,51.857,67.458,70.853,,62.796,80.422,74.827,68.988,0
2025-01-01T14:24:00,44.513,58.863,51.301,66.033,,67.523,67.34,54.107,66.228,79.166,76.892,67.777,0
2025-01-01T14:25:00,45.093,59.97,48.803,65.396,49.114,69.206,66.478,55.549,65.809,57.501,76.651,68.451,0
2025-01-01T14:26:00,45.521,60.138,50.985,66.601,50.674,,71.535,59.877,46.504,80.255,78.826,66.501,0
2025-01-01T14:27:00,41.394,59.741,50.266,67.036,51.324,,72.582,56.832,65.874,77.352,78.559,67.942,0
2025-01-01T14:28:00,43.881,58.089,48.78,69.295,49.88,64.738,69.329,54.966,65.707,,78.848,69.071,0
2025-01-01T14:29:00,43.561,60.776,48.048,67.489,70.286,64.649,68.037,57.765,65.311,79.177,79.174,69.921,0
2025-01-01T14:30:00,40.905,59.173,50.642,66.106,51.036,65.965,70.605,57.007,61.54,77.356,82.505,69.854,0
2025-01-01T14:31:00,45.229,61.357,46.443,65.481,50.949,67.588,72.881,58.484,63.108,76.155,79.148,69.737,0
2025-01-01T14:32:00,42.474,63.146,48.477,69.252,50.583,65.4,,55.474,64.299,77.132,81.499,70.079,0
2025-01-01T14:33:00,41.11,61.782,47.477,67.36,50.068,65.304,72.603,59.238,44.284,78.612,78.386,70.511,0
2025-01-01T14:34:00,40.062,65.146,49.203,69.833,48.919,64.074,71.109,59.245,61.313,79.837,78.206,69.484,0
2025-01-01T14:35:00,40.159,41.271,,70.784,50.523,61.953,71.275,62.059,62.614,76.49,80.898,68.931,0
2025-01-01T14:36:00,43.122,63.191,46.645,68.303,52.353,60.481,72.859,60.24,61.508,78.09,81.483,68.601,0
2025-01-01T14:37:00,,63.987,48.611,70.761,51.664,63.129,73.541,58.478,60.51,74.345,79.465,71.806,0
2025-01-01T14:38:00,41.389,66.915,47.179,69.071,51.206,61.463,73.124,61.609,62.988,75.864,81.723,71.628,0
2025-01-01T14:39:00,43.069,63.543,45.791,68.088,51.884,65.322,72.84,64.414,58.29,77.526,80.947,72.894,0
2025-01-01T14:40:00,44.147,63.169,46.991,67.516,53.233,57.892,74.223,61.437,60.484,73.869,77.829,70.948,0
2025-01-01T14:41:00,42.148,61.843,47.934,68.291,51.002,65.099,75.607,61.151,60.948,75.622,,72.157,0
2025-01-01T14:42:00,45.539,64.408,46.524,69.123,51.994,60.769,74.266,59.783,61.687,75.782,81.777,75.037,0
2025-01-01T14:43:00,43.466,84.024,46.655,65.657,51.494,58.949,72.889,62.099,59.63,74.772,78.589,74.366,0
2025-01-01T14:44:00,41.774,65.097,46.116,67.423,52.331,61.192,72.079,64.147,62.278,72.827,79.966,73.999,0
2025-01-01T14:45:00,45.066,,47.33,,53.341,58.158,53.043,62.853,60.442,74.908,83.008,72.283,0
2025-01-01T14:46:00,42.95,60.934,49.754,68.05,,59.049,73.655,63.38,59.756,72.651,82.634,76.302,0
2025-01-01T14:47:00,43.895,61.358,46.765,65.487,58.08,59.683,71.149,63.15,59.183,72.338,84.154,,0
2025-01-01T14:48:00,43.163,67.194,47.572,66.848,56.638,60.052,72.813,65.03,59.716,73.335,79.991,73.803,0
2025-01-01T14:49:00,44.397,63.881,46.039,,57.218,56.671,74.877,61.06,59.95,73.72,84.51,,0
2025-01-01T14:50:00,44.398,62.545,45.76,65.711,57.877,,72.703,63.209,57.601,71.461,83.093,74.612,0
2025-01-01T14:51:00,49.587,59.94,,66.121,76.01,57.36,74.263,63.024,59.618,53.232,82.52,76.559,0
2025-01-01T14:52:00,47.159,61.868,49.752,66.326,58.509,56.46,75.243,66.677,58.957,71.915,82.533,75.435,0
2025-01-01T14:53:00,49.635,62.562,46.798,64.106,,55.488,,67.519,58.419,72.118,81.557,74.501,0
2025-01-01T14:54:00,50.033,60.669,45.383,64.443,58.392,54.426,73.182,65.884,58.376,70.294,85.187,76.37,0
2025-01-01T14:55:00,49.765,,48.997,63.731,60.644,56.125,74.223,64.87,59.266,71.016,84.767,76.592,0
2025-01-01T14:56:00,49.949,61.531,46.248,83.85,60.749,55.178,71.654,67.326,60.461,70.759,82.755,79.115,0
2025-01-01T14:57:00,51.275,62.508,49.628,63.678,63.842,55.484,,66.356,59.106,70.385,81.756,78.308,0
2025-01-01T14:58:00,50.468,62.509,49.364,62.133,61.625,53.188,71.688,67.257,60.898,71.922,81.965,78.362,0
2025-01-01T14:59:00,53.701,59.91,45.158,60.339,58.563,54.201,74.75,68.376,60.474,66.77,81.8,77.321,0
2025-01-01T15:00:00,51.684,59.857,49.246,63.803,60.744,51.261,73.442,70.211,58.902,68.259,83.983,,0
2025-01-01T15:01:00,52.96,56.433,50.078,59.281,62.948,52.97,,68.229,59.861,68.097,83.477,81.023,0
2025-01-01T15:02:00,32.064,57.409,49.846,60.242,65.381,52.199,72.794,68.562,58.822,69.184,83.277,81.135,0
2025-01-01T15:03:00,55.594,57.591,48.909,,65.654,53.165,73.044,68.49,57.514,66.092,80.163,80.054,0
2025-01-01T15:04:00,53.564,58.633,,61.672,,52.596,70.599,71.754,61.698,66.185,82.091,79.559,0
2025-01-01T15:05:00,56.163,55.297,53.264,60.336,62.399,54.067,70.944,69.959,58.379,66.895,81.682,83.959,0
2025-01-01T15:06:00,56.806,56.74,52.659,60.865,66.084,51.04,,,55.264,64.978,79.56,81.011,0
2025-01-01T15:07:00,57.387,55.252,51.866,57.074,64.225,51.117,72.648,70.028,58.654,64.668,80.436,79.183,0
2025-01-01T15:08:00,58.464,54.326,53.206,58.779,66.819,52.021,50.024,75.071,59.774,66.438,81.793,84.317,0
2025-01-01T15:09:00,,,53.547,59.15,64.747,49.76,68.941,70.983,,67.155,78.601,80.317,0
2025-01-01T15:10:00,58.46,,55.339,60.719,67.449,49.456,74.072,75.358,60.822,66.487,78.006,81.093,0
2025-01-01T15:11:00,38.336,52.331,54.368,56.041,68.437,51.769,88.135,73.089,61.538,65.265,82.294,84.39,0
2025-01-01T15:12:00,59.156,53.615,54.927,56.236,69.039,51.675,67.179,75.263,57.802,64.238,79.296,82.689,0
2025-01-01T15:13:00,56.592,51.211,55.946,54.979,68.331,51.057,66.936,76.188,62.336,,81.226,83.589,0
2025-01-01T15:14:00,58.541,50.705,57.792,55.801,67.528,49.869,67.257,73.671,62.999,63.278,79.029,80.84,0
2025-01-01T15:15:00,61.419,51.657,54.117,53.094,66.975,55.086,48.283,73.223,60.7,65.799,80.499,83.975,0
2025-01-01T15:16:00,62.317,49.857,57.475,51.197,66.646,54.529,66.038,75.611,62.846,64.142,77.616,82.544,0
2025-01-01T15:17:00,59.329,,58.024,,70.264,51.441,66.387,73.646,63.254,63.094,78.646,82.38,0
2025-01-01T15:18:00,61.955,49.224,60.877,53.168,68.2,54.006,69.43,77.099,60.714,65.676,79.503,83.915,0
2025-01-01T15:19:00,60.085,,61.666,53.664,70.002,51.562,67.268,74.421,62.363,63.503,74.831,82.639,0
2025-01-01T15:20:00,63.241,49.096,59.811,52.358,,50.304,68.752,74.486,61.068,62.607,76.274,83.716,0
2025-01-01T15:21:00,61.63,49.868,61.627,51.464,69.904,50.555,66.789,77.724,63.162,64.956,79.019,84.652,0
2025-01-01T15:22:00,60.855,48.551,61.907,49.893,70.495,53.714,61.836,,64.491,80.035,78.173,84.394,0
2025-01-01T15:23:00,63.529,48.03,,51.852,68.222,51.664,,77.427,65.575,60.71,76.358,83.377,0
2025-01-01T15:24:00,62.656,45.747,61.881,51.591,70.098,55.202,63.461,73.261,64.497,61.347,75.634,84.445,0
2025-01-01T15:25:00,60.046,47.534,63.548,52.949,,54.247,62.983,78.2,67.058,57.44,76.195,,0
2025-01-01T15:26:00,62.2,44.451,60.68,50.883,71.55,53.321,63.5,74.458,65.756,61.676,76.547,84.512,0
2025-01-01T15:27:00,62.12,45.308,64.399,51.188,69.84,54.873,62.03,75.192,67.999,62.337,75.131,84.977,0
2025-01-01T15:28:00,62.018,46.739,62.651,47.177,71.64,75.576,62.95,76.047,67.282,62.838,75.812,82.697,0
2025-01-01T15:29:00,64.104,46.173,66.951,47.869,70.181,54.286,60.351,75.322,66.183,57.641,74.225,80.789,0
2025-01-01T15:30:00,61.676,24.119,,48.972,67.22,56.563,60.148,78.169,65.383,62.209,,81.351,0
2025-01-01T15:31:00,60.312,46.74,65.784,47.939,88.756,57.437,61.959,76.552,67.797,63.463,71.843,86.565,0
2025-01-01T15:32:00,62.981,43.291,61.389,51.977,70.743,57.403,61.185,,66.781,58.514,73.512,85.508,0
2025-01-01T15:33:00,59.875,,69.231,46.855,68.07,57.677,60.521,79.38,65.485,58.903,70.485,84.823,0
2025-01-01T15:34:00,62.315,43.149,67.58,45.971,69.848,58.832,57.046,75.308,68.986,60.359,74.858,82.621,0
2025-01-01T15:35:00,60.67,40.321,68.708,49.016,68.526,58.931,58.475,73.848,67.925,57.611,72.394,82.196,0
2025-01-01T15:36:00,60.681,44.833,65.354,48.24,64.361,59.963,59.295,76.3,68.41,62.089,69.403,86.26,0
2025-01-01T15:37:00,55.954,45.914,67.896,48.295,70.888,59.943,57.211,75.778,70.734,59.879,70.744,81.604,0
2025-01-01T15:38:00,61.314,,64.996,49.524,69.442,61.977,59.838,73.212,67.422,,91.093,81.859,0
2025-01-01T15:39:00,58.503,45.644,68.002,47.115,69.255,58.524,59.349,75.728,71.155,61.38,70.639,84.276,0
2025-01-01T15:40:00,58.739,46.24,64.167,47.646,,59.096,56.245,72.789,67.554,59.697,69.558,82.709,0
2025-01-01T15:41:00,56.742,,66.28,49.349,68.99,,56.065,73.306,70.439,62.445,70.054,83.004,0
2025-01-01T15:42:00,,45.411,67.74,48.64,65.981,60.044,56.989,77.39,70.646,60.96,72.463,83.754,0
2025-01-01T15:43:00,59.11,43.169,67.215,51.092,68.28,63.603,55.826,74.483,72.864,61.019,67.483,83.542,0
2025-01-01T15:44:00,55.783,45.946,67.896,49.882,68.184,64.454,57.623,75.003,72.888,60.002,72.775,81.308,0
2025-01-01T15:45:00,55.271,45.979,67.584,49.877,68.067,61.082,55.224,,74.405,61.046,66.182,83.025,0
2025-01-01T15:46:00,52.692,46.534,64.17,48.707,66.815,65.17,57.044,75.564,74.366,60.92,68.216,80.425,0
2025-01-01T15:47:00,53.107,45.542,66.707,50.442,67.694,,53.832,73.803,73.393,61.593,69.987,84.17,0
2025-01-01T15:48:00,53.682,,65.831,49.892,64.379,62.853,56.684,73.039,73.796,58.776,68.287,81.801,0
2025-01-01T15:49:00,53.963,46.806,63.625,52.038,64.554,63.681,53.561,75.608,69.399,60.417,65.65,82.026,0
2025-01-01T15:50:00,47.246,44.737,65.572,49.465,65.937,62.812,53.959,73.352,76.26,63.004,65.421,82.886,0
2025-01-01T15:51:00,51.574,46.218,63.465,52.095,65.861,67.311,54.103,73.637,,63.381,69.915,80.93,0
2025-01-01T15:52:00,53.069,47.268,63.306,48.978,65.586,65.304,53.964,70.576,74.772,61.03,66.01,80.568,0
2025-01-01T15:53:00,50.086,47.597,65.523,51.277,65.521,65.553,54.607,71.228,75.139,65.022,66.683,79.652,0
2025-01-01T15:54:00,51.442,48.588,62.398,51.798,62.667,65.656,53.483,90.837,73.614,61.067,68.449,78.492,0
2025-01-01T15:55:00,50.291,50.139,63.464,49.97,65.317,64.64,53.449,75.101,75.198,,62.928,80.77,0
2025-01-01T15:56:00,51.799,53.172,62.78,50.051,60.045,69.935,55.092,73.281,75.661,65.624,,79.882,0
2025-01-01T15:57:00,45.621,50.843,64.163,56.66,65.135,70.505,55.027,70.892,73.224,61.884,66.122,98.577,0
2025-01-01T15:58:00,49.99,53.607,64.225,53.423,60.616,65.345,55.587,72.509,75.709,63.207,65.661,78.536,0
2025-01-01T15:59:00,44.811,53.841,63.568,,60.57,70.394,51.604,69.967,79.073,64.483,62.026,80.741,0
2025-01-01T16:00:00,48.295,54.973,60.994,55.43,61.697,68.939,56.219,69.962,77.934,64.96,64.964,78.791,0
2025-01-01T16:01:00,46.011,51.546,60.811,,57.581,86.892,55.709,69.391,76.484,64.018,64.215,78.239,0
2025-01-01T16:02:00,44.482,52.88,60.853,55.322,58.523,68.7,53.256,70.911,77.173,65.722,63.706,79.402,0
2025-01-01T16:03:00,65.757,54.98,60.53,54.809,57.768,67.367,54.831,69.804,77.06,63.905,65.068,58.221,0
2025-01-01T16:04:00,46.276,56.221,57.66,56.617,58.589,71.55,53.607,,75.877,65.097,64.597,78.485,0
2025-01-01T16:05:00,62.258,54.964,59.064,54.884,61.042,70.817,56.163,66.363,77.07,64.072,62.103,78.379,0
2025-01-01T16:06:00,45.955,56.041,57.879,60.473,57.13,71.001,55.72,67.703,78.139,65.227,66.144,77.234,0
2025-01-01T16:07:00,41.482,54.48,57.202,59.135,56.734,68.553,54.549,66.823,78.527,64.46,60.492,77.812,0
2025-01-01T16:08:00,42.731,57.041,58.704,61.179,59.23,,56.673,65.359,78.771,66.289,63.526,73.501,0
2025-01-01T16:09:00,,58.027,56.695,59.432,56.248,71.697,55.351,46.969,78.818,70.324,61.641,77.806,0
2025-01-01T16:10:00,40.993,58.596,53.948,58.645,55.468,71.074,55.214,65.547,77.736,67.371,64.487,75.361,0
2025-01-01T16:11:00,,62.044,54.596,58.553,54.609,73.244,55.726,63.152,77.025,68.385,62.992,75.039,0
2025-01-01T16:12:00,42.028,58.9,55.836,60.863,56.34,71.522,55.865,62.204,77.989,65.888,62.029,73.607,0
2025-01-01T16:13:00,42.553,61.386,,59.979,54.437,,57.906,61.611,78.4,68.045,62.501,75.998,0
2025-01-01T16:14:00,43.206,,53.147,59.069,56.306,70.002,59.632,64.847,78.112,67.923,63.584,74.936,0
2025-01-01T16:15:00,63.351,62.484,52.775,59.764,53.44,71.749,57.178,61.728,80.189,70.682,61.534,74.356,0
2025-01-01T16:16:00,42.46,62.5,54.18,62.895,53.41,74.515,57.062,61.674,77.501,69.855,62.068,93.267,0
2025-01-01T16:17:00,40.73,62.115,51.795,62.442,53.191,74.998,56.655,62.498,77.929,69.915,64.928,75.419,0
2025-01-01T16:18:00,43.318,61.193,49.625,61.296,52.246,73.213,59.238,62.821,76.172,72.402,63.424,71.58,0
2025-01-01T16:19:00,44.364,64.67,50.955,63.855,49.908,73.836,58.194,59.871,77.786,71.669,62.347,73.872,0
2025-01-01T16:20:00,41.76,64.267,50.421,66.271,53.898,73.366,58.096,58.849,79.48,70.531,61.774,72.439,0
2025-01-01T16:21:00,44.477,63.113,49.436,63.657,51.119,72.269,60.981,61.544,79.321,72.675,61.53,73.263,0
2025-01-01T16:22:00,43.34,61.757,47.935,63.725,51.227,70.941,61.075,61.387,79.393,72.94,61.357,71.152,0
2025-01-01T16:23:00,45.598,62.481,50.377,66.401,49.775,71.574,61.043,62.439,75.368,71.673,65.532,69.912,0
2025-01-01T16:24:00,44.182,63.358,49.437,64.619,53.393,74.239,,61.057,76.984,73.902,62.977,70.655,0
2025-01-01T16:25:00,42.519,62.896,46.026,68.991,50.286,70.507,60.735,58.337,78.361,73.827,59.551,71.808,0
2025-01-01T16:26:00,44.829,66.402,46.811,66.979,51.153,72.112,60.997,60.499,77.811,74.078,62.472,68.923,0
2025-01-01T16:27:00,44.052,65.71,47.492,66.738,48.687,,61.296,60.23,76.611,73.874,62.818,69.204,0
2025-01-01T16:28:00,44.241,63.675,45.654,67.442,,,62.465,61.081,77.644,73.453,63.113,71.689,0
2025-01-01T16:29:00,44.623,,47.894,66.859,50.535,70.557,63.254,58.454,79.704,75.106,64.662,,0
2025-01-01T16:30:00,45.288,64.635,46.652,67.814,50.217,70.675,61.546,58.594,74.79,73.668,61.747,69.891,0
2025-01-01T16:31:00,47.569,64.682,46.114,72.42,52.706,70.545,63.905,,75.704,76.689,61.966,,0
2025-01-01T16:32:00,46.136,66.945,44.499,68.185,53.86,73.775,63.755,,77.705,75.217,64.712,50.592,0
2025-01-01T16:33:00,50.523,63.617,43.842,66.631,48.804,69.146,63.582,55.504,75.282,75.736,64.492,71.021,0
2025-01-01T16:34:00,47.212,64.321,45.209,71.329,50.867,71.683,66.886,57.366,76.098,74.503,61.776,69.8,0
2025-01-01T16:35:00,47.556,64.162,45.66,69.095,51.073,70.812,63.538,56.98,55.632,75.879,64.004,65.694,0
2025-01-01T16:36:00,49.324,62.877,45.466,,53.042,72.722,64.492,56.413,75.716,76.512,66.079,65.171,0
2025-01-01T16:37:00,50.93,61.851,45.915,,48.974,67.92,67.038,54.185,74.196,75.434,65.659,67.356,0
2025-01-01T16:38:00,51.219,61.344,45.896,67.29,51.471,67.72,66.973,59.531,78.387,76.558,63.565,66.612,0
2025-01-01T16:39:00,53.689,63.783,45.944,69.797,52.726,71.022,69.127,61.349,75.519,79.057,62.678,63.172,0
2025-01-01T16:40:00,51.229,62.422,46.667,67.851,50.02,67.724,64.15,56.994,72.365,76.661,67.025,68.264,0
2025-01-01T16:41:00,55.326,60.239,45.83,66.679,53.834,68.336,66.714,56.656,74.057,77.619,64.036,64.332,0
2025-01-01T16:42:00,75.86,60.209,44.543,68.297,51.298,68.741,69.775,54.94,74.057,76.394,69.016,66.58,0
2025-01-01T16:43:00,57.346,62.441,48.008,66.922,47.428,65.66,69.701,,,76.921,64.662,66.199,0
2025-01-01T16:44:00,57.071,60.967,45.507,69.061,53.652,68.486,67.795,54.718,70.769,,69.403,63.359,0
2025-01-01T16:45:00,55.549,61.962,46.898,68.0,52.154,65.919,71.06,57.522,72.98,,65.872,64.542,0
2025-01-01T16:46:00,55.248,59.829,48.158,70.777,52.968,65.064,68.554,56.885,72.722,77.084,68.384,66.633,0
2025-01-01T16:47:00,58.549,61.28,49.679,67.065,56.057,,69.654,54.931,69.99,79.921,67.485,63.326,0
2025-01-01T16:48:00,56.507,58.253,46.88,67.63,53.406,64.927,71.686,,71.159,81.713,69.535,65.618,0
2025-01-01T16:49:00,57.594,56.698,47.692,,53.367,62.023,71.207,57.461,68.408,79.575,70.456,63.548,0
2025-01-01T16:50:00,57.365,55.815,51.071,67.901,49.112,63.393,72.942,76.056,71.507,76.716,68.874,65.54,0
2025-01-01T16:51:00,58.1,58.758,48.419,,57.438,64.578,71.214,58.949,70.83,79.564,68.846,65.395,0
2025-01-01T16:52:00,58.278,55.098,48.824,64.483,57.009,62.726,,57.271,68.518,79.262,71.584,66.273,0
2025-01-01T16:53:00,60.55,54.627,51.521,67.676,55.337,,71.559,57.979,71.404,80.254,71.636,65.165,0
2025-01-01T16:54:00,60.474,57.742,48.419,65.269,55.655,59.382,71.774,57.876,69.391,79.759,67.407,,0
2025-01-01T16:55:00,59.898,53.91,51.689,66.07,55.327,60.859,73.781,58.779,68.703,82.51,68.662,60.494,0
2025-01-01T16:56:00,62.044,56.448,29.547,65.388,55.801,59.688,72.038,56.435,66.92,82.921,73.342,64.45,0
2025-01-01T16:57:00,60.269,53.311,52.468,65.655,57.354,62.031,77.167,57.183,65.447,81.031,70.59,66.572,0
2025-01-01T16:58:00,63.279,55.854,51.281,64.378,56.502,58.285,73.58,58.589,67.302,81.8,72.545,64.506,0
2025-01-01T16:59:00,63.266,51.099,52.343,61.247,57.48,58.854,70.848,59.597,65.146,82.144,67.316,65.742,0
2025-01-01T17:00:00,61.915,53.483,53.95,62.864,61.544,58.161,73.149,55.962,67.561,80.383,72.825,64.872,0
2025-01-01T17:01:00,63.95,50.503,53.249,58.85,59.438,59.785,75.345,55.143,65.217,81.304,72.361,66.618,0
2025-01-01T17:02:00,62.256,50.63,55.509,62.435,60.527,59.839,73.455,58.343,65.907,82.171,73.721,,0
2025-01-01T17:03:00,63.199,49.89,56.647,62.193,61.744,39.909,76.242,57.368,64.456,82.085,74.136,67.132,0
2025-01-01T17:04:00,63.43,51.291,56.496,,59.686,58.371,73.662,60.571,,81.07,73.504,63.772,0
2025-01-01T17:05:00,62.957,48.345,55.52,60.45,60.851,58.572,76.657,57.913,64.552,81.177,74.201,65.889,0
2025-01-01T17:06:00,64.502,52.413,56.496,57.159,61.982,59.116,73.165,58.746,62.81,80.013,73.597,65.735,0
2025-01-01T17:07:00,61.793,,55.566,60.87,64.412,59.044,74.215,59.225,63.828,79.391,74.703,61.317,0
2025-01-01T17:08:00,60.231,50.781,55.108,58.067,61.947,54.155,73.968,60.209,63.278,83.228,74.452,64.279,0
2025-01-01T17:09:00,58.326,44.969,56.727,59.276,,55.743,75.408,59.777,65.974,78.713,74.308,65.257,0
2025-01-01T17:10:00,64.567,47.357,62.021,55.081,59.345,57.88,73.482,60.605,65.588,81.938,78.947,63.292,0
2025-01-01T17:11:00,64.305,44.411,,77.3,63.269,57.248,71.867,60.982,61.988,76.474,76.91,68.071,0
2025-01-01T17:12:00,64.181,46.642,59.136,59.629,64.799,53.791,75.113,63.313,40.881,74.438,75.922,,0
2025-01-01T17:13:00,62.963,45.12,63.65,54.957,62.419,56.314,75.167,61.659,60.978,79.983,76.541,67.559,0
2025-01-01T17:14:00,62.538,45.808,62.368,56.911,64.158,55.314,74.503,63.101,62.012,81.341,77.423,68.52,0
2025-01-01T17:15:00,58.617,,60.698,54.316,65.883,55.74,76.973,62.039,,78.332,77.366,66.507,0
2025-01-01T17:16:00,60.854,47.136,63.163,,63.102,54.586,72.584,62.968,61.88,78.843,77.173,68.412,0
2025-01-01T17:17:00,61.274,45.169,62.597,54.02,67.472,53.726,73.438,61.932,60.355,75.485,,66.11,0
2025-01-01T17:18:00,58.079,45.139,60.995,53.809,66.733,,75.271,64.492,41.197,79.62,80.802,66.65,0
2025-01-01T17:19:00,60.718,45.086,64.441,51.617,64.789,53.194,76.186,,58.812,78.575,77.072,67.646,0
2025-01-01T17:20:00,59.025,64.35,61.505,55.995,68.498,53.042,71.944,69.612,58.531,77.239,78.247,65.92,0
2025-01-01T17:21:00,58.067,,65.803,51.753,68.76,52.467,73.95,67.92,,80.028,80.331,68.227,0
2025-01-01T17:22:00,58.608,45.572,66.468,52.53,68.94,52.2,71.863,64.529,59.23,76.018,81.67,67.192,0
2025-01-01T17:23:00,55.845,44.538,66.215,51.649,69.527,51.191,92.925,67.104,58.134,77.142,77.281,66.33,0
2025-01-01T17:24:00,54.385,44.772,65.373,50.164,65.541,52.254,72.244,66.408,57.955,78.535,78.833,68.434,0
2025-01-01T17:25:00,55.079,44.548,65.079,48.99,67.871,52.193,73.493,66.45,59.393,76.875,,66.86,0
2025-01-01T17:26:00,52.97,46.375,63.895,49.508,69.48,51.744,,66.515,58.868,76.548,78.363,68.38,0
2025-01-01T17:27:00,55.271,45.218,68.519,51.043,69.981,51.93,71.479,,57.521,76.938,79.736,69.077,0
2025-01-01T17:28:00,54.133,44.645,65.406,49.992,70.625,53.084,69.872,70.909,60.581,78.463,81.964,69.104,0
2025-01-01T17:29:00,49.656,44.627,62.978,52.034,69.381,57.039,91.116,67.152,60.779,72.195,82.984,69.178,0
2025-01-01T17:30:00,50.412,43.79,66.076,47.496,69.683,49.855,70.315,69.109,,72.664,81.081,69.657,0
2025-01-01T17:31:00,49.604,42.957,70.494,49.084,68.145,55.502,69.939,67.635,56.502,70.239,84.825,69.693,0
2025-01-01T17:32:00,52.147,44.496,67.257,48.53,71.715,73.965,70.109,70.684,55.381,73.16,83.024,72.335,0
2025-01-01T17:33:00,47.921,45.679,66.038,47.581,67.792,,69.945,70.323,57.203,71.006,80.489,72.153,0
2025-01-01T17:34:00,,46.69,64.259,49.58,71.496,52.602,69.696,71.629,56.656,72.208,86.083,70.051,0
2025-01-01T17:35:00,49.748,45.958,63.243,46.282,71.71,53.175,70.316,70.071,59.28,74.064,82.901,73.029,0
2025-01-01T17:36:00,49.163,48.079,67.581,48.701,70.42,54.876,68.859,72.354,59.24,70.311,80.464,75.21,0
2025-01-01T17:37:00,45.495,47.612,66.521,46.975,72.35,50.583,68.428,72.624,60.535,72.695,83.697,75.162,0
2025-01-01T17:38:00,47.808,48.777,67.381,47.497,74.983,53.19,68.004,72.856,59.323,72.014,81.462,72.622,0
2025-01-01T17:39:00,46.265,47.632,67.167,49.628,72.472,53.726,68.46,73.961,57.888,73.641,83.515,74.941,0
2025-01-01T17:40:00,48.008,49.599,66.833,48.959,71.223,51.484,66.229,73.495,58.612,71.809,,74.64,0
2025-01-01T17:41:00,44.369,46.711,,45.789,72.74,56.299,,74.302,59.487,69.399,81.514,74.3,0
2025-01-01T17:42:00,24.544,47.951,64.777,50.329,70.482,55.673,67.078,76.078,57.254,67.801,83.612,74.585,0
2025-01-01T17:43:00,43.064,51.733,65.025,46.39,,56.363,67.416,71.961,60.274,66.181,82.914,75.491,0
2025-01-01T17:44:00,44.516,49.025,66.45,49.01,71.982,54.921,64.819,72.84,58.344,67.499,86.383,74.908,0
2025-01-01T17:45:00,44.894,52.08,63.819,46.712,69.818,55.504,64.887,76.006,60.571,,,75.437,0
2025-01-01T17:46:00,44.934,53.472,64.866,48.92,68.903,56.914,63.85,73.571,57.029,63.885,79.238,,0
2025-01-01T17:47:00,45.523,53.237,65.225,48.961,73.27,58.628,63.93,74.933,57.735,65.908,80.71,74.274,0
2025-01-01T17:48:00,44.103,54.865,63.171,46.336,69.657,57.247,63.742,75.428,60.156,66.193,81.313,77.291,0
2025-01-01T17:49:00,47.287,53.306,64.637,47.1,67.354,59.146,60.243,73.59,59.737,69.488,83.715,78.767,0
2025-01-01T17:50:00,42.218,52.087,64.356,50.964,89.173,58.334,61.64,75.105,63.181,64.917,81.386,76.377,0
2025-01-01T17:51:00,44.629,55.567,60.519,50.461,66.039,58.476,59.499,75.939,59.246,68.355,82.953,78.718,0
2025-01-01T17:52:00,43.803,58.433,,,64.5,58.266,58.948,74.393,61.962,66.236,81.025,77.495,0
2025-01-01T17:53:00,40.048,56.263,62.407,50.957,69.128,61.797,60.692,75.37,63.124,63.918,81.229,82.3,0
2025-01-01T17:54:00,43.246,58.835,62.794,51.278,67.291,58.242,62.37,75.982,63.629,63.358,80.943,78.45,0
2025-01-01T17:55:00,43.572,56.863,62.392,51.296,66.432,58.884,59.817,75.117,81.55,64.535,83.762,78.284,0
2025-01-01T17:56:00,,61.26,62.831,54.372,66.139,59.357,59.577,75.025,62.985,61.628,82.5,77.775,0
2025-01-01T17:57:00,42.315,60.117,59.754,54.956,64.678,59.885,58.777,75.441,60.568,63.801,81.066,80.587,0
2025-01-01T17:58:00,43.617,,59.041,52.648,66.4,63.445,60.05,75.477,63.002,63.323,81.255,79.448,0
2025-01-01T17:59:00,47.677,62.549,58.933,53.158,64.716,61.642,57.555,,62.969,61.67,81.094,80.32,0
2025-01-01T18:00:00,43.396,60.124,56.318,,,59.833,58.7,77.927,60.369,62.461,78.258,79.325,0
2025-01-01T18:01:00,42.557,58.699,58.08,54.789,63.353,62.597,60.262,77.086,66.84,63.177,80.122,79.247,0
2025-01-01T18:02:00,43.856,62.062,59.456,55.193,63.017,64.331,57.847,75.563,61.279,64.747,81.75,80.695,0
2025-01-01T18:03:00,43.179,62.224,57.727,56.595,64.315,64.16,56.985,76.172,65.916,63.18,81.058,82.192,0
2025-01-01T18:04:00,44.245,63.258,56.957,57.56,61.418,65.31,57.24,,63.524,60.162,59.654,84.195,0
2025-01-01T18:05:00,,63.158,55.084,56.296,63.206,65.763,57.773,75.578,69.272,64.322,78.688,81.803,0
2025-01-01T18:06:00,44.173,62.616,54.571,59.426,58.061,65.947,57.108,76.794,63.936,64.633,101.145,81.621,0
2025-01-01T18:07:00,47.775,64.189,,,59.447,66.255,57.431,76.154,,62.653,81.113,82.029,0
2025-01-01T18:08:00,45.182,64.343,51.645,60.282,61.501,64.707,78.288,,67.741,61.865,77.901,84.258,0
2025-01-01T18:09:00,,61.152,55.279,56.843,60.815,64.377,58.122,76.505,67.107,61.707,80.758,82.247,0
2025-01-01T18:10:00,44.899,64.783,54.002,58.239,61.897,,54.061,76.146,70.285,64.53,76.921,82.45,0
2025-01-01T18:11:00,48.592,64.414,54.627,58.61,61.65,68.263,57.186,75.235,66.158,80.503,79.552,81.551,0
2025-01-01T18:12:00,46.849,64.877,53.807,58.844,54.908,,57.837,74.825,68.09,62.381,77.734,84.578,0
2025-01-01T18:13:00,48.259,,52.464,59.559,56.122,68.189,55.339,75.957,70.219,58.758,77.307,83.634,0
2025-01-01T18:14:00,48.339,,50.153,60.417,58.174,69.985,54.011,76.292,68.964,62.809,78.139,85.527,0
2025-01-01T18:15:00,49.004,65.179,49.473,63.993,59.583,70.844,56.625,74.951,69.233,61.168,75.102,86.514,0
2025-01-01T18:16:00,50.954,65.966,48.863,,55.385,69.452,56.39,74.591,52.838,60.232,74.358,84.459,0
2025-01-01T18:17:00,47.59,62.986,50.124,65.415,56.612,72.16,56.584,74.594,68.956,58.517,76.516,86.488,0
2025-01-01T18:18:00,50.844,62.536,50.094,64.208,54.93,69.516,55.165,74.393,,60.862,75.64,86.767,0
2025-01-01T18:19:00,51.129,66.047,50.092,61.064,54.163,69.359,52.941,75.461,73.227,61.334,76.238,103.535,0
2025-01-01T18:20:00,53.915,65.591,47.514,62.36,54.99,71.895,53.332,74.727,73.076,61.093,75.751,83.461,0
2025-01-01T18:21:00,53.443,64.259,50.645,64.629,54.978,72.804,53.752,73.509,72.28,58.532,75.133,83.793,0
2025-01-01T18:22:00,54.144,64.894,49.445,65.996,54.188,74.839,56.069,70.257,71.324,,72.721,84.616,0
2025-01-01T18:23:00,54.984,63.738,48.935,66.237,53.781,71.669,59.058,54.407,75.006,60.365,72.434,83.652,0
2025-01-01T18:24:00,54.211,63.465,49.631,66.764,55.173,73.327,55.559,70.66,74.288,62.326,74.017,84.609,0
2025-01-01T18:25:00,54.904,63.181,48.559,64.578,53.046,72.67,52.512,52.896,73.881,58.298,69.9,85.606,0
2025-01-01T18:26:00,57.176,62.891,47.818,66.396,53.333,72.124,55.167,71.499,74.867,60.414,69.465,82.552,0
2025-01-01T18:27:00,59.925,64.521,,64.691,54.759,73.039,55.143,71.962,75.134,61.699,71.669,84.111,0
2025-01-01T18:28:00,56.87,,48.676,70.842,53.475,71.792,52.725,72.725,74.785,61.249,69.891,80.553,0
2025-01-01T18:29:00,56.749,62.873,46.22,68.301,55.391,72.754,55.472,70.033,,61.691,72.542,86.316,0
2025-01-01T18:30:00,58.29,60.623,45.644,65.808,52.619,74.514,,68.181,76.552,61.113,72.38,84.147,0
2025-01-01T18:31:00,57.743,62.305,47.589,69.39,48.703,70.458,57.061,68.172,74.775,64.303,68.18,85.236,0
2025-01-01T18:32:00,60.68,60.734,46.889,70.253,52.738,73.524,56.831,69.738,74.963,60.55,67.77,84.443,0
2025-01-01T18:33:00,58.808,60.835,47.295,69.802,51.545,74.113,57.68,68.796,76.072,61.447,67.764,87.036,0
2025-01-01T18:34:00,59.439,62.566,45.324,69.315,50.467,76.498,55.909,68.938,,60.321,68.834,82.833,0
2025-01-01T18:35:00,61.959,61.502,48.992,69.065,50.939,,,67.838,74.246,63.817,69.93,82.6,0
2025-01-01T18:36:00,63.413,58.686,47.143,68.179,51.699,73.033,57.055,69.006,76.872,64.79,67.821,82.253,0
2025-01-01T18:37:00,63.444,58.96,48.333,69.624,50.941,73.589,57.176,65.469,77.014,62.576,70.486,84.98,0
2025-01-01T18:38:00,62.151,76.266,49.37,68.343,49.657,71.889,57.983,66.31,77.639,66.355,68.666,82.7,0
2025-01-01T18:39:00,61.147,58.873,48.987,68.268,51.794,70.321,57.664,66.656,77.91,65.441,68.865,84.375,0
2025-01-01T18:40:00,65.041,58.24,47.342,68.626,51.245,72.865,57.167,,80.94,64.448,68.487,86.947,0
2025-01-01T18:41:00,63.028,54.333,46.549,69.031,52.659,71.201,57.252,68.651,77.506,64.717,68.3,85.766,0
2025-01-01T18:42:00,61.429,55.869,49.711,69.442,,71.438,61.222,,,63.912,66.499,81.946,0
2025-01-01T18:43:00,62.697,57.031,49.164,66.594,52.851,73.33,61.074,65.419,76.999,64.495,66.055,82.738,0
2025-01-01T18:44:00,62.702,54.246,48.085,66.914,51.596,71.595,59.62,63.901,80.196,65.648,66.287,85.281,0
2025-01-01T18:45:00,61.771,54.442,47.778,69.249,50.583,72.229,58.58,64.774,79.039,65.873,66.845,83.705,0
2025-01-01T18:46:00,61.502,54.022,48.995,68.946,50.677,71.824,60.168,63.046,78.188,66.621,65.468,83.541,0
2025-01-01T18:47:00,59.75,54.264,51.164,68.13,49.67,69.747,61.65,63.396,98.933,63.542,63.383,83.02,0
2025-01-01T18:48:00,64.609,48.258,53.305,66.214,53.056,68.725,60.408,60.577,77.264,67.671,69.207,80.318,0
2025-01-01T18:49:00,65.286,51.889,50.994,69.342,53.543,71.944,60.857,60.779,78.505,66.047,65.147,81.231,0
2025-01-01T18:50:00,59.708,50.452,52.829,64.922,55.204,70.427,63.46,61.529,78.497,63.98,66.724,,0
2025-01-01T18:51:00,59.337,50.34,50.087,68.643,52.443,67.822,62.853,60.67,79.408,66.874,65.346,82.518,0
2025-01-01T18:52:00,58.572,51.414,54.67,68.271,52.814,70.641,64.586,59.839,80.372,64.157,65.087,81.643,0
2025-01-01T18:53:00,,50.833,53.266,66.323,53.905,70.56,62.018,60.595,78.436,68.058,62.6,82.1,0
2025-01-01T18:54:00,63.841,49.544,55.032,63.485,52.662,66.493,62.896,59.021,76.083,69.253,63.309,77.275,0
2025-01-01T18:55:00,60.612,50.915,51.134,66.808,55.723,68.622,66.043,60.197,77.796,69.393,63.693,81.265,0
2025-01-01T18:56:00,60.176,48.285,55.926,64.749,55.418,,67.451,55.754,77.999,68.891,,82.215,0
2025-01-01T18:57:00,61.573,,56.088,65.318,53.642,67.456,65.131,59.383,77.43,68.194,64.672,80.517,0
2025-01-01T18:58:00,60.189,47.534,55.175,63.696,54.204,66.439,85.473,57.319,79.062,66.701,61.686,79.224,0
2025-01-01T18:59:00,58.971,45.399,37.424,64.524,54.767,64.674,66.822,59.699,75.272,,63.675,77.208,0
2025-01-01T19:00:00,59.02,46.732,54.698,65.543,36.454,67.16,,62.859,77.515,71.373,65.216,77.113,0
2025-01-01T19:01:00,55.275,48.99,57.544,64.779,57.65,66.725,66.491,58.688,76.872,70.165,64.886,76.065,0
2025-01-01T19:02:00,57.372,48.579,58.981,63.662,33.538,63.973,64.854,57.869,77.459,69.613,63.05,78.554,0
2025-01-01T19:03:00,56.655,48.363,59.028,63.324,58.469,65.175,66.28,56.699,75.834,73.506,64.014,76.513,0
2025-01-01T19:04:00,54.799,44.697,57.025,62.727,56.941,64.752,67.963,55.873,78.053,70.978,62.523,75.401,0
2025-01-01T19:05:00,57.406,,58.892,59.072,58.065,64.577,70.851,59.293,77.301,68.806,64.404,75.946,0
2025-01-01T19:06:00,53.919,43.527,60.01,61.95,59.283,62.577,70.472,56.193,75.386,72.816,61.367,74.563,0
2025-01-01T19:07:00,50.958,45.6,58.956,57.897,58.293,62.165,67.481,58.825,76.623,72.588,62.35,74.197,0
2025-01-01T19:08:00,54.495,45.342,63.667,57.75,57.929,66.506,71.433,59.486,75.524,72.057,41.473,76.322,0
2025-01-01T19:09:00,54.683,44.696,59.208,59.683,59.63,42.858,68.94,57.476,75.911,74.159,60.282,78.485,0
2025-01-01T19:10:00,54.262,43.328,62.786,60.94,61.377,60.949,68.561,57.855,100.363,73.107,60.98,78.095,0
2025-01-01T19:11:00,50.682,44.494,61.38,56.484,,60.431,68.854,54.657,75.595,75.982,61.36,74.765,0
2025-01-01T19:12:00,51.065,44.6,,57.575,61.09,63.432,70.759,55.167,71.969,70.796,61.727,76.299,0
2025-01-01T19:13:00,49.491,44.476,62.473,56.652,61.273,59.53,71.731,59.958,74.315,73.938,60.084,74.35,0
2025-01-01T19:14:00,50.179,,62.395,56.874,62.605,60.866,70.823,77.849,75.468,75.205,62.371,74.824,0
2025-01-01T19:15:00,52.006,44.675,,53.695,62.898,58.634,71.959,56.087,74.901,75.269,62.67,,0
2025-01-01T19:16:00,49.981,45.353,68.198,57.453,65.537,35.592,72.607,55.176,75.74,75.187,66.664,71.078,0
2025-01-01T19:17:00,50.229,43.353,64.318,52.735,,,73.89,55.671,75.385,74.384,64.3,,0
2025-01-01T19:18:00,,44.431,66.635,54.525,63.358,58.556,74.821,55.624,71.626,77.774,62.716,52.082,0
2025-01-01T19:19:00,46.66,46.581,65.302,55.838,63.809,61.425,75.324,58.093,72.56,78.979,85.876,73.372,0
2025-01-01T19:20:00,49.461,46.896,62.327,55.234,64.145,56.735,73.091,57.838,73.74,,67.393,69.761,0
2025-01-01T19:21:00,45.703,48.284,67.017,53.523,63.355,55.3,73.888,56.748,74.019,78.898,63.683,71.386,0
2025-01-01T19:22:00,,45.993,65.192,53.735,65.771,56.499,74.07,56.852,69.611,79.681,64.397,71.947,0
2025-01-01T19:23:00,46.644,47.865,68.11,53.293,65.969,56.45,73.13,56.349,74.668,78.311,64.501,70.156,0
2025-01-01T19:24:00,46.212,47.056,65.05,51.796,67.575,58.723,74.997,,72.261,78.938,63.217,70.952,0
2025-01-01T19:25:00,41.95,51.471,66.249,53.705,67.659,55.23,73.54,58.885,69.295,79.938,65.525,67.007,0
2025-01-01T19:26:00,45.855,50.213,64.378,51.846,67.016,54.547,73.534,56.713,70.022,81.157,,70.184,0
2025-01-01T19:27:00,45.666,28.708,66.67,51.0,64.16,53.716,72.471,58.282,73.905,59.707,63.026,70.145,0
2025-01-01T19:28:00,44.902,47.197,68.3,53.962,69.703,54.441,73.782,,70.13,81.753,66.204,68.161,0
2025-01-01T19:29:00,41.047,50.455,69.292,49.068,68.688,55.085,72.809,57.711,69.256,80.662,64.888,70.105,0
2025-01-01T19:30:00,48.88,51.505,70.09,51.07,71.789,56.115,73.551,58.003,69.265,81.065,67.127,68.671,0
2025-01-01T19:31:00,42.819,52.581,64.551,49.958,69.382,53.653,76.688,61.313,69.771,79.651,63.431,69.417,0
2025-01-01T19:32:00,44.164,50.074,63.333,50.932,71.909,52.936,75.058,60.607,66.848,82.833,66.057,67.053,0
2025-01-01T19:33:00,43.704,54.709,67.361,51.331,68.12,53.258,74.226,56.977,,,67.993,66.821,0
2025-01-01T19:34:00,42.227,53.776,67.29,50.206,70.659,,75.445,58.172,65.579,81.001,67.89,65.597,0
2025-01-01T19:35:00,43.749,53.359,65.322,49.685,69.702,53.548,75.658,62.678,66.251,81.121,67.805,71.041,0
2025-01-01T19:36:00,,53.559,66.916,47.174,69.111,54.718,73.948,60.332,68.131,80.816,68.139,68.231,0
2025-01-01T19:37:00,43.461,56.999,65.659,48.129,70.91,53.81,73.539,60.066,66.688,81.441,88.264,65.51,0
2025-01-01T19:38:00,42.438,54.769,63.887,50.567,70.918,53.429,75.908,60.173,63.898,80.737,71.356,66.799,0
2025-01-01T19:39:00,,55.716,66.347,49.553,69.314,32.717,73.084,61.098,68.476,84.025,68.029,66.186,0
2025-01-01T19:40:00,42.471,55.619,66.811,50.583,70.191,53.212,,65.36,66.152,80.885,68.007,66.434,0
2025-01-01T19:41:00,43.516,57.335,63.993,48.575,71.162,52.686,74.096,61.42,65.487,78.593,,64.293,0
2025-01-01T19:42:00,45.567,58.538,63.384,48.635,72.668,54.068,73.989,62.201,64.174,82.217,69.867,64.286,0
2025-01-01T19:43:00,45.845,57.168,63.574,49.636,71.547,52.461,76.034,63.985,65.127,80.803,69.606,65.561,0
2025-01-01T19:44:00,43.825,,63.838,49.924,68.845,54.768,72.748,62.93,64.595,81.446,71.781,65.201,0
2025-01-01T19:45:00,45.365,58.863,63.836,49.124,74.528,51.685,70.296,64.112,63.022,,72.096,64.898,0
2025-01-01T19:46:00,45.314,62.59,62.412,50.882,70.415,52.84,73.062,62.719,61.629,,73.513,62.575,0
2025-01-01T19:47:00,44.982,60.427,,50.624,71.627,51.942,72.703,62.435,65.023,79.381,71.155,66.924,0
2025-01-01T19:48:00,49.268,60.96,61.891,51.44,69.651,52.648,72.697,68.541,62.973,80.688,72.066,66.798,0
2025-01-01T19:49:00,47.911,62.465,59.696,51.268,70.633,54.689,71.615,66.065,61.912,82.301,70.914,65.9,0
2025-01-01T19:50:00,47.36,59.769,58.534,52.234,89.347,53.806,72.392,64.812,62.344,79.063,72.597,66.888,0
2025-01-01T19:51:00,47.875,60.062,58.983,49.326,70.328,,72.875,67.748,61.52,80.956,71.722,62.723,0
2025-01-01T19:52:00,49.114,64.191,59.178,51.748,73.025,52.225,69.425,66.673,57.25,79.877,74.239,62.177,0
2025-01-01T19:53:00,48.916,61.831,56.48,52.428,69.245,55.576,70.302,65.687,64.376,78.359,73.698,64.422,0
2025-01-01T19:54:00,47.013,62.883,57.734,52.844,68.232,54.542,70.281,69.124,62.357,79.856,74.746,64.945,0
2025-01-01T19:55:00,48.123,62.366,57.969,53.397,71.582,52.882,72.161,66.601,64.543,78.802,73.065,65.511,0
2025-01-01T19:56:00,49.7,66.786,54.739,52.688,69.603,73.14,68.602,67.312,61.615,82.338,76.875,61.857,0
2025-01-01T19:57:00,50.107,63.695,57.17,51.795,69.114,56.12,72.466,69.953,58.338,80.416,77.424,65.518,0
2025-01-01T19:58:00,52.141,65.077,52.708,55.234,71.081,55.157,,69.275,61.658,81.071,74.886,64.948,0
2025-01-01T19:59:00,54.91,64.271,,52.605,68.846,56.251,68.639,71.27,60.69,79.602,74.715,67.334,0
2025-01-01T20:00:00,55.934,66.834,56.969,57.774,68.433,60.873,70.63,73.568,62.366,81.871,78.006,68.231,1
2025-01-01T20:01:00,74.861,67.563,56.404,58.592,75.325,59.347,70.507,72.627,65.269,82.6,76.986,68.626,1
2025-01-01T20:02:00,57.269,64.833,54.142,57.473,68.092,,71.183,77.068,,83.297,,70.543,1
2025-01-01T20:03:00,,69.04,58.862,,70.979,62.149,71.843,73.574,82.806,81.96,79.628,69.684,1
2025-01-01T20:04:00,59.136,68.447,54.197,57.484,67.886,60.513,68.457,76.568,64.817,81.422,81.643,69.002,1
2025-01-01T20:05:00,58.66,,56.219,60.968,70.273,41.41,69.044,,62.223,78.151,80.967,66.234,1
2025-01-01T20:06:00,,68.537,56.604,60.072,65.682,63.389,69.63,75.106,60.575,78.095,83.175,67.968,1
2025-01-01T20:07:00,59.898,67.975,52.53,58.374,67.726,63.744,65.504,76.557,62.933,76.538,84.681,70.454,1
2025-01-01T20:08:00,60.891,67.76,55.124,59.248,69.434,62.18,66.849,76.844,61.96,76.243,80.409,69.533,1
2025-01-01T20:09:00,61.664,68.586,53.534,59.781,,62.881,66.956,75.568,59.513,79.713,82.251,69.477,1
2025-01-01T20:10:00,41.49,67.466,51.889,60.493,67.0,64.778,65.127,76.753,61.799,77.262,80.079,66.803,1
2025-01-01T20:11:00,62.077,67.011,52.48,63.508,64.587,63.937,65.601,78.886,58.831,78.398,83.499,72.469,1
2025-01-01T20:12:00,65.286,64.641,52.841,62.808,65.716,64.136,64.895,73.883,60.334,77.865,84.978,,1
2025-01-01T20:13:00,64.265,64.924,50.439,64.595,66.455,66.18,64.054,79.135,60.966,75.255,84.164,70.541,1
2025-01-01T20:14:00,61.313,65.186,52.969,65.621,63.426,64.116,62.982,77.397,62.799,78.46,84.958,72.185,1
2025-01-01T20:15:00,65.812,65.063,53.269,63.641,64.441,64.908,62.876,77.959,62.655,77.538,63.515,72.959,1
2025-01-01T20:16:00,64.131,85.836,51.412,62.055,66.627,,64.221,79.448,62.535,76.306,83.87,71.875,1
2025-01-01T20:17:00,64.55,64.763,50.23,62.796,61.733,68.986,66.38,77.709,63.123,77.948,84.544,71.658,1
2025-01-01T20:18:00,63.507,85.396,52.505,65.669,63.858,66.179,63.714,,61.301,74.263,84.546,71.298,1
2025-01-01T20:19:00,63.088,62.539,51.896,67.349,61.347,65.771,62.799,81.692,60.664,76.726,85.826,73.467,1
2025-01-01T20:20:00,65.816,61.317,50.745,67.749,61.634,66.382,61.9,81.515,63.983,76.535,65.046,73.499,1
2025-01-01T20:21:00,68.024,60.272,52.503,69.491,61.851,64.636,64.429,80.975,64.227,73.469,86.842,73.435,1
2025-01-01T20:22:00,65.684,61.458,47.633,67.122,60.095,69.082,39.535,78.7,60.836,74.671,84.679,,1
2025-01-01T20:23:00,65.3,64.775,52.378,68.826,57.556,69.577,63.135,83.47,62.791,,88.084,73.925,1
2025-01-01T20:24:00,67.003,61.542,47.683,69.539,61.673,70.557,62.686,79.452,63.043,71.904,86.519,75.349,1
2025-01-01T20:25:00,67.06,60.833,48.211,,59.287,,59.24,77.322,61.853,72.352,85.422,72.768,1
2025-01-01T20:26:00,66.796,59.245,50.082,68.634,57.885,68.456,60.964,79.918,65.892,70.019,,73.443,1
2025-01-01T20:27:00,66.53,59.872,49.216,69.293,59.709,69.534,64.582,80.582,63.27,72.875,87.576,74.206,1
2025-01-01T20:28:00,64.567,61.815,51.054,69.97,57.763,68.799,59.074,,65.645,51.904,83.146,74.018,1
2025-01-01T20:29:00,67.704,58.71,51.641,71.635,58.061,70.074,60.008,81.59,63.907,71.179,87.8,74.012,1
2025-01-01T20:30:00,64.64,58.999,51.759,69.308,61.195,72.061,57.698,81.422,67.174,71.054,86.236,74.89,1
2025-01-01T20:31:00,65.771,58.488,51.469,68.027,,71.796,58.726,83.624,67.424,74.12,87.977,73.819,1
2025-01-01T20:32:00,65.476,57.096,52.915,70.016,58.751,,59.901,77.655,67.681,66.418,86.116,76.916,1
2025-01-01T20:33:00,65.899,55.582,51.254,,55.541,74.829,56.336,81.74,64.694,69.227,83.783,74.789,1
2025-01-01T20:34:00,63.029,55.52,50.098,70.746,54.06,74.108,58.415,82.419,66.081,69.553,89.466,74.799,1
2025-01-01T20:35:00,64.468,54.308,51.889,72.772,53.992,94.503,59.16,77.654,67.311,70.039,86.585,78.894,1
2025-01-01T20:36:00,63.489,55.826,51.352,73.291,55.619,71.982,63.135,80.484,67.883,68.18,85.731,75.516,1
2025-01-01T20:37:00,,55.36,53.425,72.114,59.054,73.182,57.954,79.503,69.597,70.246,87.518,76.461,1
2025-01-01T20:38:00,62.18,53.682,31.061,72.209,54.169,72.624,61.122,76.635,66.832,69.96,85.867,76.89,1
2025-01-01T20:39:00,63.45,54.209,53.134,70.926,54.653,74.252,57.588,78.486,70.445,67.615,87.464,77.683,1
2025-01-01T20:40:00,62.175,52.124,32.469,73.167,53.516,76.394,59.942,77.941,71.229,68.626,85.045,79.279,1
2025-01-01T20:41:00,63.102,53.497,53.226,70.984,54.843,75.118,56.483,81.333,66.505,64.146,85.655,78.842,1
2025-01-01T20:42:00,63.1,51.454,52.264,71.453,53.466,75.011,59.936,79.044,71.425,67.964,85.397,78.713,1
2025-01-01T20:43:00,61.678,,53.864,74.124,53.745,75.48,57.483,79.113,71.05,66.22,83.661,59.812,1
2025-01-01T20:44:00,62.28,49.595,55.039,70.988,55.23,75.668,,78.185,70.419,67.782,85.629,82.374,1
2025-01-01T20:45:00,57.729,50.717,54.19,71.103,56.285,75.112,59.242,99.469,74.697,64.626,82.568,82.416,1
2025-01-01T20:46:00,57.889,50.62,,70.768,53.926,75.323,58.393,76.539,74.955,67.877,87.025,81.045,1
2025-01-01T20:47:00,58.019,48.365,,74.671,54.657,77.121,,77.93,72.809,64.511,84.313,79.419,1
2025-01-01T20:48:00,56.959,49.241,54.426,72.651,54.793,73.944,60.666,75.43,72.628,65.705,84.592,81.785,1
2025-01-01T20:49:00,57.412,48.492,58.23,70.7,,76.307,56.658,80.495,71.276,62.627,85.239,83.852,1
2025-01-01T20:50:00,33.618,48.699,58.473,73.729,54.158,,56.016,76.523,74.314,63.99,,79.422,1
2025-01-01T20:51:00,56.287,48.514,57.91,67.86,52.55,74.956,58.715,76.786,73.332,64.691,82.568,84.291,1
2025-01-01T20:52:00,57.613,46.749,79.105,71.211,55.561,74.129,59.873,75.962,77.078,63.276,84.24,82.828,1
2025-01-01T20:53:00,52.65,47.644,60.602,67.1,55.661,73.86,57.573,75.294,74.175,63.334,,82.189,1
2025-01-01T20:54:00,57.631,,62.917,70.109,55.812,75.826,60.836,74.168,75.363,64.241,84.891,81.937,1
2025-01-01T20:55:00,52.025,48.162,59.309,68.59,55.8,74.959,54.791,77.083,76.751,67.609,83.452,85.553,1
2025-01-01T20:56:00,54.342,48.257,63.249,68.383,54.845,74.863,62.087,74.806,74.247,,82.451,82.716,1
2025-01-01T20:57:00,55.098,48.692,60.686,68.803,57.694,77.295,59.813,75.387,72.568,63.196,83.255,83.068,1
2025-01-01T20:58:00,51.426,46.985,60.297,66.767,56.833,75.69,60.452,72.674,79.768,84.92,81.37,83.81,1
2025-01-01T20:59:00,,47.165,62.939,66.966,52.94,,59.567,71.959,76.889,63.949,81.512,83.101,1
2025-01-01T21:00:00,49.86,47.808,64.382,67.624,56.905,72.935,62.879,71.604,74.596,62.821,80.279,84.844,1
2025-01-01T21:01:00,51.43,48.417,63.879,65.647,53.513,73.713,64.228,73.246,78.703,66.533,,85.547,1
2025-01-01T21:02:00,50.896,50.602,64.249,66.503,53.844,73.214,62.661,69.46,76.883,67.028,82.623,87.149,1
2025-01-01T21:03:00,48.864,50.85,64.377,66.748,56.329,73.373,62.212,72.031,78.823,61.179,82.495,84.319,1
2025-01-01T21:04:00,50.797,48.44,44.79,66.89,59.369,73.401,58.795,71.413,77.983,63.562,77.71,84.988,1
2025-01-01T21:05:00,45.826,48.934,66.653,64.307,58.529,71.549,62.228,71.48,78.297,,,88.17,1
2025-01-01T21:06:00,48.31,50.14,67.41,67.149,58.199,47.888,59.128,72.27,59.349,64.493,79.074,85.133,1
2025-01-01T21:07:00,46.402,45.632,47.037,63.926,59.28,72.448,64.932,70.595,78.675,,77.699,89.151,1
2025-01-01T21:08:00,47.048,48.536,66.931,63.587,59.13,70.788,62.298,69.161,80.261,66.604,80.539,88.922,1
2025-01-01T21:09:00,46.523,51.224,68.8,60.693,59.384,72.691,63.184,68.703,77.82,67.09,76.82,86.526,1
2025-01-01T21:10:00,49.286,,67.852,61.041,62.075,72.417,62.657,,77.009,63.934,76.298,,1
2025-01-01T21:11:00,46.587,50.305,66.541,62.261,57.86,72.954,66.42,71.425,82.553,63.28,79.737,86.575,1
2025-01-01T21:12:00,45.85,,68.478,62.078,62.6,70.59,67.618,67.147,82.172,63.387,76.044,87.007,1
2025-01-01T21:13:00,45.546,50.752,71.48,59.739,58.813,70.858,65.764,67.093,80.59,65.745,76.233,89.258,1
2025-01-01T21:14:00,47.78,52.256,,61.707,62.72,68.813,65.342,70.134,81.159,64.081,73.737,85.835,1
2025-01-01T21:15:00,46.182,52.213,68.942,61.144,62.284,68.602,67.809,65.742,82.148,64.892,77.416,89.528,1
2025-01-01T21:16:00,45.056,51.226,69.962,59.464,64.407,69.49,67.652,63.25,81.71,65.182,74.593,,1
2025-01-01T21:17:00,65.816,54.041,69.049,56.793,,68.676,68.219,66.48,81.971,65.443,75.225,88.108,1
2025-01-01T21:18:00,46.419,56.164,70.81,58.956,,,71.456,64.261,102.488,65.981,75.841,89.089,1
2025-01-01T21:19:00,46.356,,72.993,59.105,61.476,68.95,67.113,65.807,83.101,65.307,73.01,86.757,1
2025-01-01T21:20:00,44.921,,,58.493,64.378,63.571,68.728,62.77,81.373,64.59,75.124,88.263,1
2025-01-01T21:21:00,44.659,55.921,70.595,59.329,66.429,68.302,71.378,62.654,80.297,66.559,74.856,88.377,1
2025-01-01T21:22:00,48.484,56.151,69.141,57.861,62.257,67.1,71.687,64.376,86.25,64.011,,89.705,1
2025-01-01T21:23:00,49.286,58.283,71.315,57.914,61.921,67.668,70.233,64.634,82.655,63.631,72.899,87.989,1
2025-01-01T21:24:00,46.857,58.573,69.706,54.71,65.882,64.213,69.721,64.085,80.623,67.161,73.336,86.868,1
2025-01-01T21:25:00,47.459,56.582,73.146,55.905,,67.017,70.96,64.376,82.838,67.917,72.297,91.252,1
2025-01-01T21:26:00,49.091,57.805,70.075,56.192,68.204,64.43,72.979,62.623,81.788,71.883,71.744,89.75,1
2025-01-01T21:27:00,48.774,63.213,70.339,54.606,67.231,64.719,72.423,59.883,81.798,,77.81,91.181,1
2025-01-01T21:28:00,49.466,61.827,71.714,52.877,65.453,44.905,72.31,62.514,,70.166,,87.366,1
2025-01-01T21:29:00,47.63,60.5,67.943,54.149,67.808,63.716,71.517,61.318,83.162,71.067,69.645,89.684,1
2025-01-01T21:30:00,52.617,60.154,68.75,52.755,65.71,62.975,73.952,60.64,83.005,72.074,70.228,87.083,1
2025-01-01T21:31:00,50.153,63.583,68.718,53.718,69.073,60.354,73.462,61.425,81.006,68.332,72.039,89.631,1
2025-01-01T21:32:00,50.173,64.138,71.142,52.665,70.709,63.547,73.385,61.26,82.014,68.678,72.382,88.033,1
2025-01-01T21:33:00,53.289,61.939,69.645,53.231,71.215,59.796,74.143,61.2,82.825,70.642,69.196,88.131,1
2025-01-01T21:34:00,52.941,,67.526,52.49,72.837,61.517,74.162,60.087,81.432,69.259,68.889,85.716,1
2025-01-01T21:35:00,,82.132,67.862,53.599,70.399,60.168,75.231,59.822,83.233,70.178,69.337,86.424,1
2025-01-01T21:36:00,53.759,65.695,68.769,53.497,74.34,62.189,72.659,57.833,80.681,71.269,68.692,88.125,1
2025-01-01T21:37:00,56.124,64.072,67.782,52.959,73.366,59.972,77.175,58.224,,,69.788,87.23,1
2025-01-01T21:38:00,58.238,65.206,86.502,51.361,74.466,58.951,75.181,60.793,80.003,72.248,69.312,87.334,1
2025-01-01T21:39:00,55.002,66.14,66.961,,71.906,57.023,74.897,58.781,81.645,72.948,69.341,85.39,1
2025-01-01T21:40:00,55.128,65.059,65.275,52.284,72.774,58.752,79.31,58.0,81.833,71.126,67.42,66.685,1
2025-01-01T21:41:00,56.866,68.075,63.429,54.467,70.822,58.427,77.397,60.03,82.362,73.024,67.792,87.267,1
2025-01-01T21:42:00,57.979,66.779,64.873,52.207,72.279,59.17,77.482,58.903,79.444,72.513,68.251,86.276,1
2025-01-01T21:43:00,56.937,69.234,64.833,53.633,73.069,57.921,78.184,60.148,80.326,73.224,70.017,83.056,1
2025-01-01T21:44:00,58.123,66.741,63.229,51.938,73.341,59.639,73.394,58.396,77.595,73.447,66.137,85.412,1
2025-01-01T21:45:00,57.84,70.115,63.481,54.022,73.558,61.342,77.392,61.171,81.752,76.535,68.197,86.518,1
2025-01-01T21:46:00,59.325,71.088,,53.829,73.717,56.515,77.009,57.339,80.972,72.832,68.68,85.309,1
2025-01-01T21:47:00,61.001,68.369,62.677,51.484,74.087,56.764,78.967,59.281,80.844,73.798,67.269,84.847,1
2025-01-01T21:48:00,62.033,64.942,61.373,49.715,75.858,58.019,76.479,61.254,79.484,73.419,67.394,84.953,1
2025-01-01T21:49:00,62.938,66.844,62.604,53.176,76.204,,78.319,60.452,78.594,77.035,67.853,84.154,1
2025-01-01T21:50:00,63.316,71.183,59.826,53.11,73.747,58.698,75.469,59.936,77.486,77.387,66.663,85.315,1
2025-01-01T21:51:00,64.154,65.834,59.427,,75.668,56.893,80.909,61.679,78.483,75.731,64.47,81.991,1
2025-01-01T21:52:00,63.43,70.564,58.378,,,56.724,78.191,62.263,,75.543,66.611,83.786,1
2025-01-01T21:53:00,61.966,,59.737,,73.67,54.461,78.908,,77.962,,67.535,84.406,1
2025-01-01T21:54:00,63.745,67.014,56.625,58.281,75.1,56.341,78.973,61.197,76.191,81.115,66.627,82.902,1
2025-01-01T21:55:00,87.577,67.477,56.289,55.447,74.236,57.085,75.957,60.436,76.054,79.015,67.008,82.12,1
2025-01-01T21:56:00,65.13,67.073,59.281,56.203,73.621,57.252,75.613,,74.338,77.513,66.757,84.104,1
2025-01-01T21:57:00,66.71,66.636,58.054,56.195,75.337,53.849,78.516,62.174,74.317,81.391,66.877,84.227,1
2025-01-01T21:58:00,65.859,66.474,54.891,56.664,73.127,56.212,78.91,60.546,75.647,77.589,,,1
2025-01-01T21:59:00,64.675,67.147,56.383,53.948,72.438,54.423,78.477,60.949,,80.183,64.34,80.14,1
2025-01-01T22:00:00,63.853,66.304,56.561,58.264,72.093,56.437,79.999,63.137,73.871,81.053,67.438,82.663,1
2025-01-01T22:01:00,65.355,63.686,56.345,58.161,74.559,56.318,78.499,61.835,76.661,,,80.496,1
2025-01-01T22:02:00,61.845,66.054,,60.177,70.942,60.069,79.354,61.883,74.524,84.273,65.851,81.58,1
2025-01-01T22:03:00,65.242,,53.293,56.986,,57.036,77.655,63.789,70.859,82.158,65.761,77.149,1
2025-01-01T22:04:00,66.978,64.384,51.334,58.868,72.34,56.205,76.281,65.019,71.663,80.07,67.27,80.567,1
2025-01-01T22:05:00,65.664,61.645,54.626,60.25,73.659,55.708,74.702,64.756,72.941,81.812,45.606,79.587,1
2025-01-01T22:06:00,64.993,64.432,50.78,,73.123,56.672,77.758,64.117,70.51,82.337,67.44,,1
2025-01-01T22:07:00,66.965,64.328,52.612,58.922,72.288,57.678,77.189,64.673,69.757,80.424,63.291,79.803,1
2025-01-01T22:08:00,67.141,60.995,50.516,57.975,70.262,56.369,77.477,64.098,,82.199,67.575,77.758,1
2025-01-01T22:09:00,64.144,62.769,52.185,61.422,71.729,60.434,76.143,,69.059,81.255,68.646,75.344,1
2025-01-01T22:10:00,67.017,58.888,52.217,,,58.85,76.929,67.789,72.251,81.64,66.336,75.59,1
2025-01-01T22:11:00,66.077,60.644,51.31,63.401,70.427,58.054,73.609,67.313,68.769,82.032,,77.808,1
2025-01-01T22:12:00,66.302,63.56,50.905,62.237,72.549,58.258,76.031,66.295,69.533,83.927,70.23,76.005,1
2025-01-01T22:13:00,64.504,59.668,48.523,63.131,70.374,58.113,74.737,66.952,70.276,83.697,,75.619,1
2025-01-01T22:14:00,61.948,60.855,49.801,65.09,69.73,59.84,73.354,68.187,69.122,81.673,67.077,75.976,1
2025-01-01T22:15:00,66.042,61.436,50.222,64.99,,61.515,73.425,65.548,68.043,86.013,65.251,76.439,1
2025-01-01T22:16:00,64.697,58.094,46.89,60.578,67.821,59.629,73.384,68.219,67.676,84.265,68.838,95.383,1
2025-01-01T22:17:00,60.768,58.828,50.56,64.469,68.043,59.844,74.014,67.12,66.809,82.752,70.693,75.604,1
2025-01-01T22:18:00,62.701,59.365,,63.421,68.01,58.435,73.72,71.735,67.516,82.093,67.51,73.846,1
2025-01-01T22:19:00,61.353,57.112,50.248,67.675,67.388,60.839,,69.068,,81.228,69.076,71.486,1
2025-01-01T22:20:00,61.285,59.083,51.371,65.676,67.511,61.223,70.695,70.59,65.019,83.445,70.009,74.108,1
2025-01-01T22:21:00,60.575,55.169,52.036,63.996,64.985,61.832,73.368,69.873,66.974,86.65,68.949,75.36,1
2025-01-01T22:22:00,63.049,54.937,51.858,69.512,66.653,63.347,73.204,68.538,69.128,84.608,70.616,71.173,1
2025-01-01T22:23:00,60.628,53.897,48.603,69.738,65.154,61.918,68.401,69.461,61.851,81.948,69.925,72.948,1
2025-01-01T22:24:00,59.312,54.945,52.56,68.52,64.158,64.856,68.707,72.491,69.083,87.475,71.223,71.955,1
2025-01-01T22:25:00,62.002,54.982,51.43,68.723,,,69.565,70.629,45.458,84.337,70.536,70.199,1
2025-01-01T22:26:00,60.761,56.176,52.299,70.149,65.435,62.388,69.177,71.601,64.151,85.484,72.252,74.528,1
2025-01-01T22:27:00,58.922,54.649,50.406,68.282,62.973,64.904,71.092,93.558,64.758,83.586,71.847,,1
2025-01-01T22:28:00,57.862,53.595,54.255,67.589,61.454,65.764,70.003,72.006,64.645,84.712,74.261,72.12,1
2025-01-01T22:29:00,54.128,50.282,50.454,70.225,60.589,65.707,68.46,74.439,66.509,82.429,70.727,73.207,1
2025-01-01T22:30:00,56.989,50.745,51.861,72.079,60.485,46.117,69.193,76.037,65.01,84.823,73.297,71.053,1
2025-01-01T22:31:00,53.647,50.762,51.891,72.548,61.305,64.316,,52.932,62.298,83.363,72.639,74.058,1
2025-01-01T22:32:00,54.014,51.67,54.568,51.128,59.44,65.638,68.662,76.146,65.153,83.882,73.139,70.09,1
2025-01-01T22:33:00,54.558,50.621,52.714,72.648,60.471,66.749,69.013,74.803,63.904,82.958,73.181,70.652,1
2025-01-01T22:34:00,52.568,49.692,32.856,70.592,58.108,70.015,65.308,74.991,67.134,82.573,75.859,71.407,1
2025-01-01T22:35:00,53.25,49.864,50.944,69.14,63.438,66.836,67.447,74.363,43.836,84.532,75.071,70.3,1
2025-01-01T22:36:00,51.971,,53.861,70.585,58.635,67.039,66.78,75.618,63.239,83.484,73.152,68.933,1
2025-01-01T22:37:00,50.181,48.131,,,57.148,66.582,67.198,,40.173,83.397,76.681,68.115,1
2025-01-01T22:38:00,51.693,47.819,55.209,72.36,59.033,71.181,64.997,76.814,63.036,85.004,76.388,71.53,1
2025-01-01T22:39:00,50.49,50.878,55.089,70.765,60.587,71.871,64.54,75.981,64.011,82.95,75.524,,1
2025-01-01T22:40:00,51.653,50.551,56.704,69.769,57.375,71.685,66.16,78.65,62.427,84.111,76.714,71.087,1
2025-01-01T22:41:00,49.1,49.572,55.258,72.373,58.968,72.921,65.045,77.634,63.919,,76.154,70.494,1
2025-01-01T22:42:00,50.434,49.748,57.118,73.162,57.595,71.163,62.179,76.116,62.868,,79.2,69.813,1
2025-01-01T22:43:00,51.752,47.004,57.42,72.2,56.417,71.351,64.48,80.29,,79.523,78.764,69.568,1
2025-01-01T22:44:00,49.86,51.299,57.591,71.848,57.446,72.537,62.908,,59.992,81.928,78.386,69.524,1
2025-01-01T22:45:00,46.51,49.718,57.154,74.186,55.506,70.64,43.911,77.044,62.68,82.923,79.857,68.785,1
2025-01-01T22:46:00,45.642,47.162,58.149,71.197,53.077,73.038,60.503,78.238,66.375,81.894,78.715,67.782,1
2025-01-01T22:47:00,48.444,47.618,60.456,73.81,50.988,75.847,61.203,77.765,64.064,81.012,80.316,69.397,1
2025-01-01T22:48:00,,48.978,60.679,71.625,54.94,74.422,62.09,79.432,61.702,79.998,76.686,68.825,1
2025-01-01T22:49:00,47.636,49.905,61.189,71.229,55.195,74.05,59.448,78.526,66.098,80.889,79.335,,1
2025-01-01T22:50:00,,48.562,60.627,72.661,,72.525,63.327,80.076,60.345,82.975,80.595,70.874,1
2025-01-01T22:51:00,42.924,47.999,60.686,74.241,53.709,70.547,58.941,81.709,63.334,79.627,79.637,69.408,1
2025-01-01T22:52:00,45.987,49.012,63.815,69.969,52.938,74.969,57.894,77.477,61.649,79.881,79.818,68.578,1
2025-01-01T22:53:00,45.124,49.135,64.014,74.704,53.093,74.313,61.869,79.815,61.861,78.882,103.699,67.599,1
2025-01-01T22:54:00,45.131,50.332,63.81,70.198,55.735,75.199,59.202,,63.897,79.056,81.033,70.892,1
2025-01-01T22:55:00,45.818,49.815,63.748,71.758,54.055,76.493,59.804,,62.812,78.534,,67.441,1
2025-01-01T22:56:00,46.173,49.847,65.848,67.119,54.796,94.973,58.321,81.218,63.575,78.675,81.889,69.044,1
2025-01-01T22:57:00,48.007,50.275,65.651,66.239,,70.589,,82.885,,,81.096,69.311,1
2025-01-01T22:58:00,43.472,53.35,66.482,,,74.63,58.782,80.366,64.065,75.571,82.451,,1
2025-01-01T22:59:00,46.081,49.488,65.594,68.468,,77.223,59.484,81.311,61.85,75.04,82.673,68.551,1
2025-01-01T23:00:00,48.16,51.696,66.089,68.301,54.466,76.434,57.999,,62.906,77.105,83.172,67.875,1
2025-01-01T23:01:00,44.547,55.33,66.193,66.959,55.634,79.488,60.605,79.125,65.21,74.954,82.986,68.156,1
2025-01-01T23:02:00,45.557,51.924,66.593,67.417,54.451,77.093,58.043,78.908,64.76,76.966,84.018,68.593,1
2025-01-01T23:03:00,47.615,54.583,69.075,67.423,56.316,77.511,59.947,82.804,65.542,74.585,82.994,70.409,1
2025-01-01T23:04:00,50.329,,63.646,65.814,56.467,77.513,57.384,78.258,64.908,,82.833,68.595,1
2025-01-01T23:05:00,46.777,56.478,69.598,65.332,53.871,77.347,56.931,80.023,63.604,76.448,83.973,67.959,1
2025-01-01T23:06:00,52.433,53.191,68.298,,75.215,76.443,58.385,80.117,65.77,74.109,84.545,72.345,1
2025-01-01T23:07:00,50.03,52.391,69.24,62.285,,76.249,60.398,78.88,66.581,75.574,85.794,69.869,1
2025-01-01T23:08:00,50.359,57.69,70.776,64.831,55.183,76.888,58.563,81.722,65.413,76.153,86.265,66.86,1
2025-01-01T23:09:00,52.4,58.431,68.208,82.407,56.301,77.464,60.024,82.308,67.267,72.695,86.153,72.17,1
2025-01-01T23:10:00,49.649,57.968,68.752,63.876,60.058,73.696,59.476,79.246,65.378,,,69.393,1
2025-01-01T23:11:00,50.969,57.987,71.649,62.197,,,61.19,59.688,67.445,71.31,84.354,69.184,1
2025-01-01T23:12:00,50.268,58.503,68.607,,58.233,75.785,57.324,79.559,66.756,72.851,87.937,70.266,1
2025-01-01T23:13:00,53.434,59.212,71.528,60.012,57.84,53.518,60.43,80.396,69.89,72.417,86.867,69.675,1
2025-01-01T23:14:00,55.205,60.246,69.902,62.033,56.669,74.972,58.962,79.804,68.256,68.89,87.692,68.709,1
2025-01-01T23:15:00,54.219,62.164,70.942,58.253,58.581,76.551,58.865,80.051,,73.233,82.467,70.2,1
2025-01-01T23:16:00,52.123,63.494,71.799,60.385,60.703,76.375,59.017,75.949,68.161,71.898,89.464,70.807,1
2025-01-01T23:17:00,53.582,61.596,69.831,,58.378,75.492,60.718,74.213,70.239,67.518,84.158,,1
2025-01-01T23:18:00,53.53,63.83,71.654,57.506,59.438,74.267,60.335,74.803,70.249,70.85,88.131,70.841,1
2025-01-01T23:19:00,56.037,64.144,69.407,57.822,61.927,,60.651,75.886,68.799,70.999,86.394,72.485,1
2025-01-01T23:20:00,57.2,63.125,71.49,59.701,60.764,73.665,60.486,74.95,69.952,71.496,88.425,73.163,1
2025-01-01T23:21:00,56.559,63.037,71.465,57.782,61.107,53.188,,74.004,73.56,68.746,86.044,72.713,1
2025-01-01T23:22:00,57.014,65.14,73.177,58.781,,,62.636,78.263,71.657,69.484,89.333,74.344,1
2025-01-01T23:23:00,56.961,66.234,67.799,57.34,59.958,70.432,62.119,73.927,74.209,66.032,84.827,71.438,1
2025-01-01T23:24:00,62.435,66.827,70.364,61.716,63.009,71.805,63.586,73.12,72.762,65.273,85.544,75.752,1
2025-01-01T23:25:00,60.585,64.809,68.934,54.764,65.341,69.218,,73.753,74.596,65.748,87.127,77.057,1
2025-01-01T23:26:00,60.267,65.478,69.573,55.75,,73.211,62.037,73.811,94.862,69.316,107.329,77.199,1
2025-01-01T23:27:00,57.383,67.006,66.236,57.452,62.387,71.403,59.4,72.856,75.828,70.052,86.084,75.735,1
2025-01-01T23:28:00,60.192,,68.224,54.455,64.805,70.835,66.481,71.768,,67.028,85.676,74.937,1
2025-01-01T23:29:00,62.125,,69.323,53.357,63.584,72.558,65.508,69.329,77.073,69.045,86.387,77.538,1
2025-01-01T23:30:00,61.713,68.443,69.507,53.466,63.607,69.647,65.841,73.114,54.246,68.271,86.498,74.398,1
2025-01-01T23:31:00,62.702,68.365,66.842,53.933,65.878,70.189,65.015,70.689,74.026,66.146,86.247,77.385,1
2025-01-01T23:32:00,61.077,47.626,68.202,51.939,65.653,69.94,,70.009,74.929,67.446,85.059,75.994,1
2025-01-01T23:33:00,65.293,67.841,67.957,52.7,64.457,67.512,63.787,73.543,75.539,64.246,83.447,77.267,1
2025-01-01T23:34:00,65.956,67.076,67.101,53.176,69.519,68.521,68.022,70.784,76.298,67.213,87.113,75.955,1
2025-01-01T23:35:00,63.559,65.875,65.933,53.852,66.169,70.97,63.257,71.727,75.782,64.913,87.781,76.454,1
2025-01-01T23:36:00,65.438,66.793,67.423,53.15,71.23,68.512,66.897,50.336,79.177,65.137,85.198,78.283,1
2025-01-01T23:37:00,64.921,67.961,65.149,51.373,70.174,65.732,68.958,70.915,76.341,65.573,84.515,79.667,1
2025-01-01T23:38:00,64.018,68.597,45.813,51.484,71.339,67.687,65.957,68.387,79.11,,85.328,79.302,1
2025-01-01T23:39:00,66.48,67.421,,55.017,67.068,69.08,69.073,71.153,75.999,63.518,81.481,78.68,1
2025-01-01T23:40:00,63.659,66.629,62.553,48.848,72.28,67.401,66.869,68.692,77.157,65.365,85.616,,1
2025-01-01T23:41:00,65.458,69.729,64.246,53.705,,64.559,,70.354,75.74,65.312,84.801,79.342,1
2025-01-01T23:42:00,66.358,65.549,62.695,52.486,71.294,,67.837,68.282,80.141,61.838,83.014,80.202,1
2025-01-01T23:43:00,67.162,69.004,60.622,50.111,72.637,62.837,71.142,67.941,79.894,66.33,84.658,81.348,1
2025-01-01T23:44:00,64.995,68.374,43.428,51.636,71.095,62.241,69.21,66.586,79.031,65.82,82.383,80.151,1
2025-01-01T23:45:00,67.453,66.832,,53.7,71.954,62.454,,67.016,80.496,65.609,84.244,79.547,1
2025-01-01T23:46:00,66.263,68.339,61.292,50.446,,61.844,71.416,66.771,81.28,66.213,83.199,80.031,1
2025-01-01T23:47:00,65.21,66.855,57.85,53.781,74.778,64.969,71.605,65.44,80.129,66.241,83.142,82.254,1
2025-01-01T23:48:00,,67.516,59.028,,72.963,,72.194,65.345,78.48,65.243,81.93,85.794,1
2025-01-01T23:49:00,66.757,67.917,59.039,54.091,71.539,63.193,71.926,63.541,84.55,64.665,81.785,81.345,1
2025-01-01T23:50:00,67.36,65.994,59.788,,72.706,59.81,70.543,65.121,81.596,82.756,80.435,84.486,1
2025-01-01T23:51:00,66.5,,55.453,52.954,73.937,59.404,71.857,67.203,102.096,66.091,82.773,84.07,1
2025-01-01T23:52:00,66.141,65.295,55.335,54.458,72.657,59.047,76.172,64.41,83.717,47.034,78.232,83.096,1
2025-01-01T23:53:00,63.199,66.151,56.539,51.173,72.225,59.419,75.406,63.243,82.639,65.66,63.367,86.237,1
2025-01-01T23:54:00,61.232,,55.977,54.005,76.122,61.551,74.092,64.412,83.199,63.473,79.738,82.049,1
2025-01-01T23:55:00,63.575,,55.396,55.263,73.576,59.446,74.742,61.828,83.981,,81.601,84.363,1
2025-01-01T23:56:00,63.501,66.193,53.009,55.159,74.458,58.376,74.14,60.858,83.721,65.185,78.142,86.767,1
2025-01-01T23:57:00,61.844,65.728,57.1,57.171,75.297,59.739,,63.422,83.37,65.696,80.144,81.821,1
2025-01-01T23:58:00,62.32,61.359,53.347,57.303,74.262,58.848,78.215,59.657,81.61,64.325,80.985,86.659,1
2025-01-01T23:59:00,64.252,60.633,52.892,54.244,76.482,54.812,75.266,65.546,,64.832,79.982,84.687,1
2025-01-02T00:00:00,61.954,62.684,54.614,56.184,,57.207,77.495,61.368,81.756,61.826,59.244,82.593,1
2025-01-02T00:01:00,60.944,59.344,53.246,59.193,74.164,56.605,75.42,60.731,83.063,67.973,79.196,86.538,1
2025-01-02T00:02:00,62.706,,52.034,55.687,,,76.782,62.448,82.647,68.246,78.004,88.901,1
2025-01-02T00:03:00,59.779,61.998,52.327,57.209,75.423,58.316,74.282,62.212,82.939,68.14,77.384,89.886,1
2025-01-02T00:04:00,61.281,58.461,51.346,61.553,75.564,56.448,75.166,61.618,80.718,68.71,77.605,,1
2025-01-02T00:05:00,61.913,57.724,49.376,,72.64,55.214,76.212,61.501,82.903,68.505,74.469,86.37,1
2025-01-02T00:06:00,59.051,57.38,51.506,63.008,74.952,58.959,75.51,57.676,79.973,66.244,75.084,87.405,1
2025-01-02T00:07:00,61.396,78.35,52.475,60.791,76.526,55.061,76.627,63.639,82.156,67.244,76.928,88.21,1
2025-01-02T00:08:00,54.826,56.543,50.42,,,58.501,,61.037,82.189,66.859,72.541,88.367,1
2025-01-02T00:09:00,60.173,54.605,50.274,61.692,75.444,55.057,79.416,61.563,83.505,65.271,75.283,89.322,1
2025-01-02T00:10:00,56.695,55.818,48.936,60.582,73.616,58.535,,58.745,82.894,66.786,73.219,87.06,1
2025-01-02T00:11:00,56.423,55.956,50.847,60.991,76.205,57.403,79.456,60.546,84.347,68.505,73.545,87.2,1
2025-01-02T00:12:00,52.627,54.491,51.01,62.222,70.85,57.777,78.023,63.6,83.941,68.207,72.119,88.317,1
2025-01-02T00:13:00,55.362,55.566,51.025,62.202,70.603,56.759,80.006,60.548,82.789,71.217,75.681,87.558,1
2025-01-02T00:14:00,54.129,52.05,49.761,62.382,69.491,56.644,77.149,62.264,82.599,68.302,72.277,88.163,1
2025-01-02T00:15:00,53.225,53.739,54.644,66.501,72.362,57.666,78.466,58.723,82.689,,70.627,85.917,1
2025-01-02T00:16:00,52.468,53.947,52.311,66.49,73.163,57.439,78.411,57.807,82.352,66.504,,87.374,1
2025-01-02T00:17:00,52.378,51.84,50.907,67.136,69.797,,79.855,63.915,82.675,72.824,71.829,90.707,1
2025-01-02T00:18:00,52.581,51.257,50.378,66.538,70.83,57.633,80.78,60.839,80.612,68.317,70.124,88.922,1
2025-01-02T00:19:00,51.732,51.476,49.391,66.839,67.255,59.682,79.136,58.73,79.676,70.557,,88.268,1
2025-01-02T00:20:00,51.735,49.507,52.845,66.945,71.342,56.747,77.959,60.468,79.595,71.256,74.544,88.654,1
2025-01-02T00:21:00,50.235,51.549,53.343,67.478,69.288,56.743,77.536,62.427,81.259,73.552,70.595,88.446,1
2025-01-02T00:22:00,50.582,50.251,50.855,67.075,69.918,59.216,78.41,61.318,78.685,70.47,49.362,88.687,1
2025-01-02T00:23:00,48.141,49.8,52.346,66.19,69.145,60.098,78.33,61.626,80.323,72.279,73.932,89.349,1
2025-01-02T00:24:00,47.283,46.176,49.818,68.917,69.327,60.458,78.0,61.346,79.187,71.709,72.26,90.117,1
2025-01-02T00:25:00,47.963,48.127,51.707,69.909,70.768,60.991,78.544,,82.227,73.76,68.835,87.332,1
2025-01-02T00:26:00,48.84,49.873,53.305,66.67,,58.349,77.379,42.926,78.721,75.374,68.103,88.25,1
2025-01-02T00:27:00,50.036,50.095,52.884,67.488,68.986,60.909,77.338,65.493,77.303,74.141,68.317,88.37,1
2025-01-02T00:28:00,,47.105,52.782,70.548,65.387,60.825,78.775,62.641,81.769,,68.384,88.693,1
2025-01-02T00:29:00,48.27,48.202,54.507,69.714,,57.93,75.161,61.621,76.624,76.274,,88.629,1
2025-01-02T00:30:00,47.444,48.178,55.226,70.821,61.948,63.628,78.455,62.713,74.915,78.877,69.815,87.36,1
2025-01-02T00:31:00,48.451,49.421,55.924,74.668,,,76.628,62.1,76.867,75.099,67.643,86.212,1
2025-01-02T00:32:00,43.384,48.929,55.364,71.766,63.512,61.563,76.19,63.649,76.059,78.128,69.493,89.562,1
2025-01-02T00:33:00,47.411,46.29,58.241,74.371,63.04,61.371,75.508,65.304,78.286,77.223,68.627,87.824,1
2025-01-02T00:34:00,45.119,48.36,58.979,71.366,63.936,61.022,74.526,64.892,73.831,76.654,66.976,88.491,1
2025-01-02T00:35:00,47.274,50.009,55.98,73.542,80.514,61.854,75.089,64.524,76.102,78.289,67.521,85.911,1
2025-01-02T00:36:00,47.561,51.819,,,61.741,60.894,74.092,64.141,,80.831,66.254,88.185,1
2025-01-02T00:37:00,44.101,44.702,58.087,71.534,62.7,62.001,73.218,63.209,73.896,,66.756,85.739,1
2025-01-02T00:38:00,49.358,48.54,55.46,70.669,58.47,61.983,92.685,64.134,72.03,82.007,67.548,84.679,1
2025-01-02T00:39:00,45.422,50.614,39.126,74.245,61.691,,75.978,64.235,74.201,,66.335,85.341,1
2025-01-02T00:40:00,46.74,48.589,58.738,75.674,59.109,63.869,73.938,65.714,74.704,83.325,67.313,85.745,1
2025-01-02T00:41:00,,51.775,60.936,73.018,61.254,63.478,75.312,64.175,71.591,81.256,68.854,84.259,1
2025-01-02T00:42:00,48.996,51.654,62.717,73.362,62.439,64.235,73.505,66.894,71.368,80.624,65.247,87.529,1
2025-01-02T00:43:00,47.974,,61.807,73.51,57.415,64.304,70.687,66.83,71.764,81.901,66.184,84.383,1
2025-01-02T00:44:00,48.432,,60.646,71.703,58.698,65.705,53.059,66.749,72.236,79.903,67.354,86.277,1
2025-01-02T00:45:00,51.004,50.22,62.894,71.78,60.908,66.1,70.995,69.799,75.043,81.558,68.457,85.368,1
2025-01-02T00:46:00,50.857,52.085,64.174,73.352,56.549,68.234,70.172,69.055,71.334,83.277,64.681,84.365,1
2025-01-02T00:47:00,50.456,54.331,62.99,72.02,56.222,65.597,72.541,72.138,71.908,81.315,67.062,85.481,1
2025-01-02T00:48:00,48.026,53.872,64.773,72.925,58.109,68.341,72.206,69.859,69.386,84.864,65.677,,1
2025-01-02T00:49:00,50.125,54.454,63.956,70.445,54.016,67.448,70.851,68.733,69.453,79.878,65.681,87.316,1
2025-01-02T00:50:00,,54.537,61.506,72.106,56.963,69.082,69.091,70.035,65.002,103.568,65.237,84.104,1
2025-01-02T00:51:00,51.857,55.846,66.488,70.855,58.17,69.351,69.169,71.453,67.967,82.722,67.459,84.159,1
2025-01-02T00:52:00,51.528,54.861,63.159,70.235,57.189,68.767,69.784,72.178,69.329,83.731,,83.234,1
2025-01-02T00:53:00,54.684,55.854,67.361,73.26,55.254,66.581,67.661,71.255,66.176,85.514,67.245,80.325,1
2025-01-02T00:54:00,,58.705,68.934,71.487,57.5,68.614,65.857,72.825,67.204,83.722,66.209,,1
2025-01-02T00:55:00,52.008,55.782,68.368,71.534,56.097,73.511,67.479,,68.881,84.012,65.448,82.152,1
2025-01-02T00:56:00,55.565,58.956,69.059,69.75,56.097,73.078,65.458,76.553,67.308,84.254,66.192,,1
2025-01-02T00:57:00,56.201,56.757,69.27,68.717,54.955,71.91,66.453,74.465,64.797,80.616,,81.847,1
2025-01-02T00:58:00,53.691,58.425,69.742,69.524,54.489,71.501,63.983,77.938,64.721,83.178,67.641,79.39,1
2025-01-02T00:59:00,,62.099,71.157,69.817,55.578,72.523,,74.259,66.113,84.85,69.0,81.004,1
2025-01-02T01:00:00,56.973,57.216,65.718,71.786,56.099,74.413,64.316,74.368,65.419,82.528,66.57,79.223,1
2025-01-02T01:01:00,57.073,57.806,68.97,67.086,,68.482,66.854,78.017,,87.419,67.358,79.437,1
2025-01-02T01:02:00,55.601,60.556,68.938,66.368,55.075,,65.567,76.038,65.69,85.323,68.991,79.255,1
2025-01-02T01:03:00,60.633,62.581,71.329,69.176,54.558,73.585,61.061,76.716,65.753,85.525,67.044,80.921,1
2025-01-02T01:04:00,61.881,61.992,68.848,65.287,55.397,75.066,62.416,76.983,64.362,85.437,67.148,78.869,1
2025-01-02T01:05:00,61.233,62.197,69.323,69.102,53.88,76.014,65.968,76.533,65.197,84.749,66.612,79.0,1
2025-01-02T01:06:00,60.237,61.663,67.622,65.548,55.324,73.978,62.179,78.726,63.759,86.823,68.883,79.647,1
2025-01-02T01:07:00,57.28,62.241,70.627,64.494,55.208,74.998,62.922,76.072,65.14,82.881,68.82,77.561,1
2025-01-02T01:08:00,60.523,65.563,72.434,65.452,56.746,74.751,63.494,78.614,64.576,84.818,68.822,76.02,1
2025-01-02T01:09:00,61.996,64.594,69.481,64.445,54.599,73.109,62.009,79.941,64.799,84.219,70.059,77.211,1
2025-01-02T01:10:00,62.68,67.219,72.089,64.624,57.934,73.276,60.942,80.355,65.816,85.959,69.084,75.538,1
2025-01-02T01:11:00,63.483,64.055,71.681,61.61,57.187,73.747,61.37,78.479,62.302,84.048,69.972,77.457,1
2025-01-02T01:12:00,63.555,66.35,70.262,61.893,55.848,75.9,58.296,77.441,63.614,84.395,90.39,,1
2025-01-02T01:13:00,64.359,64.431,72.461,61.947,54.329,77.572,,77.413,,84.936,69.316,77.234,1
2025-01-02T01:14:00,65.758,63.741,68.88,62.009,53.054,75.523,60.107,80.406,64.058,84.528,73.357,76.328,1
2025-01-02T01:15:00,61.453,67.368,70.846,60.325,55.953,78.289,56.925,77.784,65.716,84.05,71.684,74.113,1
2025-01-02T01:16:00,68.123,66.383,72.495,60.244,53.936,,57.644,76.586,64.394,86.539,74.115,75.394,1
2025-01-02T01:17:00,63.595,71.268,68.57,61.583,55.056,77.813,58.68,80.02,64.121,83.273,72.95,74.207,1
2025-01-02T01:18:00,67.456,68.922,69.357,58.356,55.593,76.526,58.083,,64.655,84.38,,76.762,1
2025-01-02T01:19:00,68.84,69.799,70.19,60.169,57.29,77.704,58.613,80.367,65.02,,72.223,73.585,1
2025-01-02T01:20:00,68.389,70.042,69.783,56.511,57.201,77.901,59.406,81.041,,81.3,73.298,72.68,1
2025-01-02T01:21:00,65.218,69.172,68.666,57.937,58.075,77.614,55.229,80.135,60.906,82.145,73.866,71.296,1
2025-01-02T01:22:00,66.304,67.979,,57.36,57.512,72.901,59.558,77.758,61.582,80.404,72.774,,1
2025-01-02T01:23:00,63.713,67.338,69.106,58.141,59.143,74.918,57.228,80.851,63.284,82.264,73.879,73.405,1
2025-01-02T01:24:00,67.704,67.908,68.819,57.017,57.814,75.354,56.32,81.405,44.739,82.282,74.878,70.92,1
2025-01-02T01:25:00,,69.415,68.797,57.739,58.952,98.285,58.102,,63.099,84.754,72.376,89.829,1
2025-01-02T01:26:00,65.625,70.53,70.105,54.417,59.059,77.885,59.04,78.245,62.472,81.661,77.312,70.316,1
2025-01-02T01:27:00,70.032,69.13,,55.817,61.792,72.317,57.765,81.895,62.217,81.254,74.991,69.965,1
2025-01-02T01:28:00,71.593,67.124,66.524,54.111,61.843,76.083,59.924,80.777,65.722,82.188,72.016,72.564,1
2025-01-02T01:29:00,62.706,70.393,67.548,55.336,61.752,74.524,59.268,79.961,64.87,82.184,79.477,70.669,1
2025-01-02T01:30:00,66.185,69.366,68.989,53.437,61.328,73.271,58.429,81.641,62.577,79.897,76.474,69.958,1
2025-01-02T01:31:00,67.647,67.548,67.375,53.803,63.869,75.083,59.344,84.503,63.699,81.219,77.282,71.852,1
2025-01-02T01:32:00,65.87,70.601,64.362,54.371,62.056,74.709,59.711,81.216,63.745,80.35,76.678,72.811,1
2025-01-02T01:33:00,65.017,67.809,62.306,,62.237,,57.89,83.683,64.133,79.722,78.697,69.501,1
2025-01-02T01:34:00,65.396,67.843,64.089,55.701,66.416,76.98,59.42,79.75,65.562,79.882,77.949,70.785,1
2025-01-02T01:35:00,63.009,65.288,62.773,52.929,63.973,75.015,62.733,79.091,64.314,80.701,79.817,67.684,1
2025-01-02T01:36:00,63.006,67.329,60.147,52.935,,72.88,59.928,77.202,64.358,79.559,81.054,70.437,1
2025-01-02T01:37:00,64.798,66.791,61.241,55.152,,72.795,59.712,81.476,62.881,78.108,80.089,71.259,1
2025-01-02T01:38:00,62.562,66.596,61.66,53.148,63.591,71.25,59.487,79.444,64.723,81.71,80.962,69.445,1
2025-01-02T01:39:00,63.925,63.167,61.772,52.968,67.618,75.738,60.562,77.474,85.433,78.58,78.365,67.81,1
2025-01-02T01:40:00,62.535,64.758,59.79,53.292,67.06,72.343,61.839,78.742,67.254,78.545,77.981,68.438,1
2025-01-02T01:41:00,64.01,62.543,58.48,52.978,68.393,71.595,62.027,76.952,67.957,75.608,81.321,70.583,1
2025-01-02T01:42:00,61.487,42.979,61.194,51.29,70.677,72.119,,75.02,68.911,,81.639,72.488,1
2025-01-02T01:43:00,60.93,61.411,56.004,,69.576,70.377,63.107,78.402,63.276,,82.689,67.629,1
2025-01-02T01:44:00,59.341,62.866,55.168,51.048,68.942,69.503,60.972,79.127,67.972,76.239,81.048,67.681,1
2025-01-02T01:45:00,62.448,59.718,56.403,53.72,70.423,71.001,61.277,77.187,68.201,77.567,79.728,68.623,1
2025-01-02T01:46:00,58.514,61.657,55.332,52.14,71.449,67.286,60.954,78.021,65.958,76.52,81.073,71.835,1
2025-01-02T01:47:00,,59.012,55.964,53.969,70.778,71.356,63.237,74.519,68.416,75.317,81.868,,1
2025-01-02T01:48:00,55.689,,57.454,,,71.107,63.94,78.531,67.792,74.441,84.559,66.131,1
2025-01-02T01:49:00,56.601,60.269,56.239,52.333,72.494,69.589,61.34,77.916,67.283,74.962,84.231,67.464,1
2025-01-02T01:50:00,55.838,58.304,52.884,54.468,72.191,70.525,,76.726,72.303,73.189,80.475,67.193,1
2025-01-02T01:51:00,56.448,,53.456,53.951,73.689,64.938,65.933,75.284,72.058,73.055,83.754,69.616,1
2025-01-02T01:52:00,56.882,57.562,56.35,54.913,71.117,69.359,61.496,76.939,70.281,73.482,84.845,69.708,1
2025-01-02T01:53:00,53.019,57.175,,,70.938,67.141,63.664,76.54,70.524,72.022,84.483,67.624,1
2025-01-02T01:54:00,56.183,58.275,,55.002,72.005,67.149,65.735,55.682,69.473,73.17,85.538,68.815,1
2025-01-02T01:55:00,53.767,58.793,52.222,57.005,71.473,65.649,63.948,73.808,67.888,71.27,83.917,70.743,1
2025-01-02T01:56:00,53.217,55.146,53.238,58.943,74.573,64.563,65.043,76.16,70.622,71.766,,68.536,1
2025-01-02T01:57:00,52.441,53.896,54.734,,71.689,64.7,68.344,74.297,73.647,71.89,82.99,67.075,1
2025-01-02T01:58:00,52.614,54.153,52.497,55.434,71.847,67.4,67.629,74.967,70.718,72.126,88.183,67.774,1
2025-01-02T01:59:00,52.78,52.741,51.422,58.894,73.6,60.905,67.589,74.034,73.607,69.407,85.307,66.397,1
2025-01-02T02:00:00,52.078,53.617,51.684,55.481,71.984,66.111,68.013,71.598,72.215,68.108,84.442,70.732,1
2025-01-02T02:01:00,50.843,52.112,51.422,58.375,74.862,63.574,,70.881,74.548,69.975,,70.613,1
2025-01-02T02:02:00,48.949,56.06,48.116,56.262,74.155,65.603,70.7,72.31,71.122,70.507,83.826,67.679,1
2025-01-02T02:03:00,51.289,52.909,50.996,57.312,74.506,62.838,67.904,71.893,,90.158,84.148,70.134,1
2025-01-02T02:04:00,46.392,53.178,52.019,57.974,73.836,61.441,66.291,70.492,75.304,70.931,88.028,69.936,1
2025-01-02T02:05:00,49.113,55.088,55.681,59.473,75.491,61.884,90.414,71.567,73.573,69.463,84.85,68.854,1
2025-01-02T02:06:00,48.106,50.618,52.652,58.653,74.962,,71.408,71.736,73.105,67.474,84.388,71.685,1
2025-01-02T02:07:00,48.798,50.792,48.239,59.171,72.092,59.144,69.566,68.113,75.225,69.506,85.085,69.108,1
2025-01-02T02:08:00,47.235,51.98,52.378,61.138,74.866,61.102,71.045,68.741,,48.133,88.376,71.231,1
2025-01-02T02:09:00,49.068,52.313,51.051,38.065,74.946,59.85,70.471,,77.56,70.185,88.415,,1
2025-01-02T02:10:00,46.312,49.57,52.482,62.312,98.35,60.844,70.703,70.751,76.462,67.918,84.291,71.302,1
2025-01-02T02:11:00,46.999,49.968,52.204,60.97,74.055,59.48,74.502,70.319,78.312,66.374,87.573,71.041,1
2025-01-02T02:12:00,47.899,48.14,51.67,62.139,75.117,,71.677,67.767,80.54,70.227,86.825,72.137,1
2025-01-02T02:13:00,46.739,47.451,54.232,62.389,74.295,58.22,73.508,66.52,78.541,,89.993,69.382,1
2025-01-02T02:14:00,45.489,48.736,50.296,63.791,77.674,60.645,74.521,68.441,77.358,66.325,87.951,,1
2025-01-02T02:15:00,45.526,46.829,50.45,62.618,74.126,57.528,73.969,63.902,78.37,66.522,89.945,72.148,1
2025-01-02T02:16:00,46.643,48.336,51.893,64.865,71.828,58.777,70.953,65.28,77.896,65.259,88.078,76.081,1
2025-01-02T02:17:00,46.208,49.478,52.141,64.197,74.894,57.887,74.576,,80.434,65.981,85.969,70.597,1
2025-01-02T02:18:00,48.421,48.617,51.605,66.696,74.706,56.579,77.96,64.582,80.755,65.676,86.628,75.102,1
2025-01-02T02:19:00,41.595,49.699,54.034,66.583,71.979,59.161,76.301,67.582,80.386,65.995,88.165,73.53,1
2025-01-02T02:20:00,47.491,50.549,52.027,66.254,71.985,56.648,75.429,66.376,,66.605,88.001,76.141,1
2025-01-02T02:21:00,48.824,49.631,54.701,68.737,71.619,35.025,77.65,63.231,81.344,66.689,87.616,75.373,1
2025-01-02T02:22:00,46.359,49.353,53.991,65.72,72.283,55.021,74.348,62.533,82.414,66.268,88.495,74.684,1
2025-01-02T02:23:00,48.124,49.36,52.195,67.473,73.342,55.403,76.303,60.084,79.765,65.456,86.601,75.003,1
2025-01-02T02:24:00,52.021,49.823,59.238,69.263,73.457,57.0,77.872,64.473,81.794,64.963,86.634,77.181,1
2025-01-02T02:25:00,48.681,47.598,53.796,68.878,,56.688,76.907,62.653,82.174,62.028,85.334,74.458,1
2025-01-02T02:26:00,50.575,49.24,54.292,70.449,70.287,,79.488,63.515,83.495,64.343,86.426,77.025,1
2025-01-02T02:27:00,51.639,52.256,57.344,71.672,69.722,55.413,,63.211,84.61,65.121,85.22,76.046,1
2025-01-02T02:28:00,,51.015,60.261,70.999,69.876,55.887,78.496,63.719,82.659,64.975,82.782,75.522,1
2025-01-02T02:29:00,50.824,49.685,58.273,70.907,68.254,55.583,76.662,62.795,82.678,65.836,85.447,77.585,1
2025-01-02T02:30:00,,49.336,55.267,72.014,69.894,56.271,78.047,62.847,83.096,66.555,86.412,78.58,1
2025-01-02T02:31:00,50.316,50.135,55.281,72.414,68.943,56.239,59.485,61.717,81.145,65.299,85.542,77.691,1
2025-01-02T02:32:00,53.481,50.276,79.11,72.626,68.415,56.989,79.393,61.765,82.351,67.078,85.519,78.919,1
2025-01-02T02:33:00,54.244,53.164,61.907,72.092,68.188,57.767,80.271,63.155,,,83.837,78.062,1
2025-01-02T02:34:00,53.571,52.815,57.086,70.504,69.775,57.535,78.805,62.028,81.826,66.243,82.799,80.646,1
2025-01-02T02:35:00,53.873,51.734,59.932,72.908,70.486,55.264,78.916,63.241,83.85,65.332,82.561,79.477,1
2025-01-02T02:36:00,53.195,55.745,,71.03,68.198,57.717,81.583,62.675,80.582,65.673,105.356,79.122,1
2025-01-02T02:37:00,57.13,54.0,63.634,71.201,64.462,59.081,78.088,58.459,84.572,65.603,84.274,80.893,1
2025-01-02T02:38:00,56.6,,63.325,72.212,67.101,57.02,77.768,61.088,85.599,68.074,82.313,80.232,1
2025-01-02T02:39:00,58.884,55.977,60.936,73.349,66.079,58.722,76.908,60.951,84.078,64.238,84.12,81.424,1
2025-01-02T02:40:00,57.515,53.245,64.856,72.057,61.318,61.204,77.65,60.073,84.949,64.325,83.441,81.494,1
2025-01-02T02:41:00,56.432,57.43,64.37,,64.127,59.662,79.42,58.738,81.779,65.809,83.005,83.075,1
2025-01-02T02:42:00,60.386,57.619,63.261,73.786,64.942,60.07,78.635,61.167,84.059,65.289,83.356,81.208,1
2025-01-02T02:43:00,60.211,58.291,65.758,,61.941,61.002,81.823,62.612,84.713,69.139,80.248,83.344,1
2025-01-02T02:44:00,62.936,55.698,63.858,73.744,62.706,61.226,76.221,59.735,80.136,70.236,,83.274,1
2025-01-02T02:45:00,61.188,60.656,66.434,74.96,61.14,59.974,76.608,61.518,83.972,68.589,82.061,82.739,1
2025-01-02T02:46:00,60.716,59.334,64.666,76.83,62.78,59.33,76.259,60.511,83.214,65.03,81.699,83.802,1
2025-01-02T02:47:00,62.424,58.623,66.566,91.938,40.565,62.971,80.298,,80.948,64.648,79.272,85.023,1
2025-01-02T02:48:00,58.999,61.291,68.935,,61.55,61.659,78.866,62.909,80.039,66.314,79.881,84.26,1
2025-01-02T02:49:00,59.497,63.097,68.754,71.882,61.456,62.923,76.533,59.412,81.703,66.84,81.87,85.117,1
2025-01-02T02:50:00,64.207,63.806,66.731,69.627,,61.028,79.344,60.408,82.391,67.331,77.57,82.732,1
2025-01-02T02:51:00,66.586,62.096,67.249,,58.118,63.537,79.232,62.549,83.55,67.463,57.304,86.59,1
2025-01-02T02:52:00,63.357,61.3,69.773,69.271,59.056,64.414,77.251,60.055,79.758,67.292,97.893,84.772,1
2025-01-02T02:53:00,63.281,66.112,66.673,72.709,60.173,60.29,76.318,64.282,80.177,69.928,,85.006,1
2025-01-02T02:54:00,65.953,63.266,67.165,70.387,55.879,62.901,78.03,,79.831,65.615,74.622,84.065,1
2025-01-02T02:55:00,64.343,64.605,72.403,72.126,58.303,65.864,77.402,64.1,81.317,64.72,77.267,86.021,1
2025-01-02T02:56:00,66.36,62.298,70.727,70.074,55.698,65.408,75.665,,81.001,71.248,75.372,84.939,1
2025-01-02T02:57:00,66.053,63.939,69.318,69.663,55.997,64.615,76.047,,84.212,69.074,75.943,88.048,1
2025-01-02T02:58:00,67.65,67.073,70.581,68.677,56.47,67.803,,65.197,79.045,70.014,74.259,83.862,1
2025-01-02T02:59:00,67.153,69.628,71.682,68.209,58.953,65.916,73.632,64.359,81.289,69.261,72.881,88.435,1
2025-01-02T03:00:00,64.733,67.815,67.848,68.558,58.397,68.565,73.549,60.57,80.43,70.996,76.611,84.571,1
2025-01-02T03:01:00,66.069,67.999,70.927,70.364,56.702,47.82,74.33,67.787,81.184,72.757,73.158,85.961,1
2025-01-02T03:02:00,66.029,66.184,69.263,68.435,75.394,69.166,72.708,61.242,79.452,70.658,75.118,86.063,1
2025-01-02T03:03:00,66.79,66.981,71.804,67.754,,67.864,71.862,,79.175,70.208,71.848,86.095,1
2025-01-02T03:04:00,65.379,85.834,71.903,66.477,54.218,67.981,71.669,65.365,81.28,,74.852,86.558,1
2025-01-02T03:05:00,65.919,69.554,71.189,64.858,76.709,66.944,74.003,65.776,,71.917,71.793,90.467,1
2025-01-02T03:06:00,65.577,68.297,69.271,64.421,54.908,68.967,71.689,66.37,76.843,72.737,71.889,,1
2025-01-02T03:07:00,67.352,,73.21,65.483,55.818,70.468,71.128,62.809,78.67,73.997,73.979,85.549,1
2025-01-02T03:08:00,67.906,70.76,71.381,66.991,54.609,71.39,71.994,68.261,75.34,73.555,73.414,90.452,1
2025-01-02T03:09:00,65.889,67.716,70.636,67.581,54.403,71.905,70.118,66.389,76.441,75.449,70.728,90.309,1
2025-01-02T03:10:00,66.446,70.273,73.274,63.378,55.621,74.43,68.028,66.109,77.521,78.111,70.635,88.765,1
2025-01-02T03:11:00,64.49,69.365,71.229,66.24,53.539,73.728,71.332,,77.46,73.042,71.14,89.745,1
2025-01-02T03:12:00,64.305,69.108,71.709,64.354,54.735,69.802,71.664,67.782,77.883,76.151,73.41,89.153,1
2025-01-02T03:13:00,63.503,70.813,67.9,63.039,53.849,72.887,74.432,68.92,,75.773,72.752,90.319,1
2025-01-02T03:14:00,66.565,67.861,66.796,62.961,54.512,71.202,69.451,68.358,74.276,77.994,72.457,87.04,1
2025-01-02T03:15:00,66.498,67.985,69.467,63.847,52.312,,69.412,71.536,77.149,76.924,70.411,89.973,1
2025-01-02T03:16:00,64.961,68.792,69.745,62.569,52.612,73.43,66.101,69.193,73.892,78.911,69.446,89.904,1
2025-01-02T03:17:00,63.715,,67.838,62.292,56.088,76.709,69.172,70.904,72.006,78.431,70.351,69.588,1
2025-01-02T03:18:00,63.777,68.428,67.849,62.39,55.625,,69.001,71.335,,79.967,70.038,88.966,1
2025-01-02T03:19:00,60.666,,69.815,58.748,54.769,74.628,68.512,69.823,70.127,78.993,68.622,,1
2025-01-02T03:20:00,61.065,67.213,68.712,59.344,56.072,75.906,68.758,69.406,72.06,78.194,71.983,89.693,1
2025-01-02T03:21:00,63.165,67.955,66.27,62.342,54.93,74.36,64.324,69.883,70.95,78.438,68.233,88.173,1
2025-01-02T03:22:00,62.378,66.124,67.132,57.784,56.744,76.144,67.613,,,81.411,,88.077,1
2025-01-02T03:23:00,62.83,67.307,65.71,59.197,58.148,76.409,65.434,73.186,72.387,79.339,67.131,90.75,1
2025-01-02T03:24:00,59.689,65.048,64.592,56.974,54.246,78.593,62.637,71.823,70.959,79.414,67.631,88.769,1
2025-01-02T03:25:00,61.559,68.499,63.516,59.067,55.839,77.49,64.517,74.664,71.302,79.886,65.268,90.27,1
2025-01-02T03:26:00,59.308,64.56,67.139,55.08,57.766,77.435,61.431,,72.854,80.55,67.682,87.609,1
2025-01-02T03:27:00,59.994,63.691,66.059,53.289,55.685,76.388,63.742,74.932,71.278,79.201,69.362,90.952,1
2025-01-02T03:28:00,59.234,62.783,64.346,54.588,59.309,76.387,61.298,74.562,70.723,81.429,70.473,90.66,1
2025-01-02T03:29:00,57.832,61.066,62.152,56.129,61.131,77.178,65.901,75.525,,79.716,65.401,88.263,1
2025-01-02T03:30:00,56.662,67.776,61.869,54.693,56.463,96.779,58.612,76.568,49.948,83.094,64.847,87.59,1
2025-01-02T03:31:00,57.012,62.799,62.342,52.627,,73.365,62.63,73.707,70.059,82.494,68.521,89.621,1
2025-01-02T03:32:00,54.83,62.49,62.892,56.651,59.346,75.76,60.787,,67.106,81.555,69.147,89.522,1
2025-01-02T03:33:00,53.536,61.63,63.008,55.917,58.06,74.955,64.04,77.441,69.175,84.853,70.352,87.627,1
2025-01-02T03:34:00,55.64,60.758,59.887,54.765,61.329,78.961,62.514,76.508,68.229,,65.641,90.605,1
2025-01-02T03:35:00,54.794,61.632,57.359,54.949,62.971,76.779,59.829,77.792,64.917,,69.947,88.644,1
2025-01-02T03:36:00,53.965,60.085,61.387,52.637,61.324,75.509,60.952,76.44,67.626,81.631,66.806,89.979,1
2025-01-02T03:37:00,56.284,58.487,60.539,52.645,,77.415,60.377,79.303,65.147,84.462,69.69,90.332,1
2025-01-02T03:38:00,52.875,61.202,59.941,54.116,62.295,77.771,59.847,79.84,65.39,,66.881,87.073,1
2025-01-02T03:39:00,51.65,58.717,,53.648,61.432,74.321,58.484,77.998,64.794,84.401,67.776,86.975,1
2025-01-02T03:40:00,52.535,57.791,57.87,55.227,65.115,78.492,62.694,80.201,64.346,83.817,67.668,89.084,1
2025-01-02T03:41:00,51.202,60.801,57.324,51.334,84.729,73.784,60.525,78.519,64.539,86.571,67.649,84.15,1
2025-01-02T03:42:00,48.023,55.087,53.751,55.0,62.99,75.215,61.285,76.284,65.591,85.301,67.687,83.908,1
2025-01-02T03:43:00,49.935,59.752,53.729,53.109,65.218,79.224,60.342,80.726,65.127,83.989,69.444,85.104,1
2025-01-02T03:44:00,51.153,52.932,54.369,53.641,65.315,,61.252,81.554,64.034,84.226,67.728,84.725,1
2025-01-02T03:45:00,48.072,54.181,52.867,53.674,66.807,77.637,57.952,79.635,64.262,83.342,68.046,84.998,1
2025-01-02T03:46:00,50.693,78.098,54.178,52.946,67.049,,61.537,78.806,64.454,82.687,67.142,85.679,1
2025-01-02T03:47:00,47.258,54.118,54.796,53.672,65.425,73.518,59.896,79.464,64.585,83.817,68.457,82.562,1
2025-01-02T03:48:00,49.327,52.047,53.107,53.942,65.61,76.137,58.273,83.035,63.769,85.003,70.133,84.905,1
2025-01-02T03:49:00,48.775,54.122,53.454,54.539,66.462,,58.705,78.396,64.989,84.222,67.645,81.615,1
2025-01-02T03:50:00,47.88,53.513,53.443,55.427,66.806,76.554,,83.492,63.092,86.415,69.356,84.523,1
2025-01-02T03:51:00,,52.868,52.985,55.375,68.161,,61.498,79.053,60.534,84.443,69.392,85.538,1
2025-01-02T03:52:00,44.873,50.084,51.288,52.252,71.228,75.395,59.65,80.156,64.834,85.707,67.044,80.76,1
2025-01-02T03:53:00,46.765,50.757,54.398,56.352,67.027,76.052,59.577,79.113,62.768,83.172,69.928,81.259,1
2025-01-02T03:54:00,67.418,52.825,50.109,54.517,70.263,72.775,57.17,79.952,63.948,84.13,68.76,81.976,1
2025-01-02T03:55:00,47.355,48.729,52.462,,72.565,73.234,,84.06,63.845,85.429,70.271,80.844,1
2025-01-02T03:56:00,48.005,50.373,49.867,55.668,70.231,72.118,61.727,79.029,65.713,86.07,69.31,83.175,1
2025-01-02T03:57:00,47.188,69.24,51.258,54.922,72.706,69.754,59.009,79.432,62.983,85.488,69.572,82.003,1
2025-01-02T03:58:00,46.775,50.377,50.762,55.199,70.614,71.262,63.344,79.922,63.936,86.056,70.701,82.663,1
2025-01-02T03:59:00,,47.369,51.264,55.624,70.257,72.083,60.156,80.715,63.53,83.486,69.102,81.127,1
2025-01-02T04:00:00,48.273,67.447,48.024,56.763,93.843,68.283,61.177,79.807,63.668,84.891,71.051,80.505,1
2025-01-02T04:01:00,48.811,,53.323,57.647,72.315,72.658,60.345,80.956,65.115,86.329,70.083,79.919,1
2025-01-02T04:02:00,47.466,46.515,52.059,58.618,70.692,68.058,59.66,80.036,62.971,83.716,73.046,77.019,1
2025-01-02T04:03:00,47.524,48.013,51.12,54.263,71.328,50.862,62.69,79.537,63.141,82.69,71.453,79.448,1
2025-01-02T04:04:00,47.889,51.94,53.015,57.616,75.491,68.035,62.708,81.958,63.73,84.214,72.541,78.755,1
2025-01-02T04:05:00,50.454,52.381,52.576,58.349,72.452,68.502,62.692,84.022,64.064,83.383,,,1
2025-01-02T04:06:00,50.182,47.893,50.699,58.819,71.873,,60.086,78.253,64.994,83.372,74.985,76.375,1
2025-01-02T04:07:00,50.887,52.906,50.873,80.177,71.158,69.406,44.074,78.744,63.52,84.015,73.033,78.413,1
2025-01-02T04:08:00,50.318,50.903,48.662,59.794,75.508,65.772,61.759,79.629,66.588,82.694,71.509,78.384,1
2025-01-02T04:09:00,51.747,51.705,50.937,60.22,71.579,68.937,64.233,79.319,67.023,85.111,69.918,78.451,1
2025-01-02T04:10:00,51.364,51.719,52.736,62.208,73.645,63.578,64.394,78.937,,83.411,72.333,76.745,1
2025-01-02T04:11:00,49.471,46.219,,62.233,75.896,66.066,64.755,79.431,66.487,80.278,73.54,77.138,1
2025-01-02T04:12:00,51.379,51.198,50.941,61.829,75.046,67.109,61.747,78.344,63.422,81.867,,76.194,1
2025-01-02T04:13:00,55.203,50.1,54.638,62.715,75.832,63.555,84.017,76.625,63.824,79.453,72.596,76.929,1
2025-01-02T04:14:00,51.886,50.811,56.821,61.781,75.351,65.571,64.585,79.746,67.127,79.428,74.194,74.921,1
2025-01-02T04:15:00,52.459,50.542,54.419,63.939,,64.1,64.709,76.237,65.254,83.809,76.89,75.674,1
2025-01-02T04:16:00,55.923,50.283,53.308,63.495,73.304,62.797,65.736,81.197,67.906,81.403,74.281,74.104,1
2025-01-02T04:17:00,53.184,52.748,55.683,,74.041,61.896,66.66,78.797,67.593,60.581,74.544,74.805,1
2025-01-02T04:18:00,57.273,53.92,55.767,64.501,76.101,62.696,70.055,79.45,,80.007,76.714,74.046,1
2025-01-02T04:19:00,53.916,53.61,54.577,85.797,75.028,63.298,68.174,77.405,66.061,81.024,77.378,73.831,1
2025-01-02T04:20:00,63.653,57.074,59.331,69.997,77.073,66.345,71.923,78.739,,82.256,82.338,76.598,2
2025-01-02T04:21:00,59.932,55.641,62.241,71.146,80.084,,74.625,79.196,70.546,82.705,,77.22,2
2025-01-02T04:22:00,63.846,58.353,,75.623,79.012,66.085,73.525,81.161,73.6,84.928,83.336,80.25,2
2025-01-02T04:23:00,62.101,58.517,63.62,,75.865,65.092,73.999,80.181,72.505,83.77,83.754,74.516,2
2025-01-02T04:24:00,43.77,57.596,63.173,74.061,79.215,64.468,71.496,77.043,73.034,80.523,80.793,78.109,2
2025-01-02T04:25:00,65.31,61.295,63.493,,79.148,65.735,73.546,78.876,74.521,80.346,86.052,75.141,2
2025-01-02T04:26:00,,59.127,65.54,71.389,78.309,64.78,71.776,81.665,,60.421,81.99,73.515,2
2025-01-02T04:27:00,66.265,59.829,64.996,74.285,78.259,62.989,76.963,79.044,73.483,80.768,82.593,72.544,2
2025-01-02T04:28:00,45.115,59.692,63.24,75.6,76.33,61.538,,77.327,75.108,80.208,83.69,75.941,2
2025-01-02T04:29:00,65.344,61.613,65.949,71.438,79.179,63.869,76.228,78.74,76.273,78.458,84.043,77.266,2
2025-01-02T04:30:00,44.676,60.543,65.469,73.608,79.139,66.489,80.871,76.194,74.456,76.776,83.682,73.966,2
2025-01-02T04:31:00,64.096,64.319,65.054,75.19,77.939,62.507,76.645,77.131,74.791,81.164,84.405,76.359,2
2025-01-02T04:32:00,64.644,62.713,67.368,74.613,75.003,60.8,77.689,76.058,77.056,76.462,87.7,72.823,2
2025-01-02T04:33:00,69.741,64.496,65.944,78.082,74.622,58.097,78.214,76.717,75.942,78.22,87.066,76.368,2
2025-01-02T04:34:00,68.974,65.181,65.021,73.429,94.414,61.261,79.319,75.437,77.931,78.682,,74.719,2
2025-01-02T04:35:00,70.985,46.553,66.728,76.525,77.06,60.601,77.555,74.452,75.946,78.23,86.884,54.655,2
2025-01-02T04:36:00,69.47,64.359,67.763,76.631,92.841,61.38,59.253,73.507,79.894,77.84,86.5,72.083,2
2025-01-02T04:37:00,72.639,68.534,,76.496,,59.591,77.184,75.98,77.395,75.182,86.891,74.527,2
2025-01-02T04:38:00,72.962,65.293,72.907,76.928,78.092,61.808,80.764,72.559,77.208,74.309,88.466,73.647,2
2025-01-02T04:39:00,71.555,66.681,71.628,77.623,69.365,59.452,79.569,72.682,78.99,74.31,89.741,73.816,2
2025-01-02T04:40:00,70.501,67.603,71.762,76.997,73.383,60.528,79.125,71.116,80.296,77.428,86.642,72.93,2
2025-01-02T04:41:00,70.733,68.762,71.047,75.41,73.491,61.416,82.707,68.365,79.294,75.351,88.099,70.926,2
2025-01-02T04:42:00,69.402,68.805,69.501,76.419,72.834,61.122,83.136,72.436,76.276,76.494,86.568,75.667,2
2025-01-02T04:43:00,69.406,,70.814,73.742,70.71,60.092,80.912,73.956,79.309,73.619,89.216,72.661,2
2025-01-02T04:44:00,69.661,,72.996,77.889,,63.677,79.586,70.87,80.197,70.291,88.634,70.7,2
2025-01-02T04:45:00,72.166,71.135,73.585,77.34,70.314,63.733,81.988,68.16,,73.032,88.31,73.956,2
2025-01-02T04:46:00,69.12,69.783,73.539,79.714,69.024,61.443,82.175,69.589,82.284,75.438,90.892,75.243,2
2025-01-02T04:47:00,71.055,74.501,73.872,79.122,70.778,59.942,83.736,68.555,80.997,74.201,92.074,74.971,2
2025-01-02T04:48:00,68.953,70.612,73.503,78.172,66.941,60.76,81.778,68.806,80.422,72.607,,73.856,2
2025-01-02T04:49:00,70.064,70.708,75.207,75.711,68.009,59.917,82.967,66.69,82.882,72.826,90.327,74.31,2
2025-01-02T04:50:00,71.816,70.554,73.801,76.832,70.055,,82.24,70.029,81.471,71.012,90.164,73.187,2
2025-01-02T04:51:00,69.843,72.642,73.982,76.35,67.325,60.771,85.803,71.411,83.655,71.744,91.911,73.716,2
2025-01-02T04:52:00,72.067,74.683,74.103,77.403,66.836,62.152,82.015,67.911,83.966,73.414,88.116,75.953,2
2025-01-02T04:53:00,72.091,72.209,94.709,77.281,67.251,60.597,80.966,65.937,81.888,73.325,90.793,73.121,2
2025-01-02T04:54:00,70.802,71.541,76.522,80.016,67.785,62.114,84.473,67.594,86.691,71.889,87.061,73.712,2
2025-01-02T04:55:00,67.862,72.764,76.358,78.753,69.273,62.682,84.946,68.122,85.449,68.773,90.215,72.788,2
2025-01-02T04:56:00,68.298,74.025,73.893,74.637,63.927,62.891,83.628,66.057,83.122,69.694,91.009,71.645,2
2025-01-02T04:57:00,69.379,71.47,72.955,74.808,63.635,65.657,83.152,65.942,84.283,69.995,89.069,72.531,2
2025-01-02T04:58:00,68.023,72.306,72.101,75.501,66.746,63.956,82.021,68.038,81.504,71.09,90.212,72.846,2
2025-01-02T04:59:00,66.899,72.178,72.983,73.985,,63.092,85.04,68.257,85.841,70.067,91.33,73.054,2
2025-01-02T05:00:00,70.247,71.72,71.897,75.149,65.562,64.943,85.838,65.711,84.376,71.611,91.359,74.988,2
2025-01-02T05:01:00,66.809,74.22,,71.835,61.863,66.086,86.075,67.473,84.468,72.007,89.646,74.086,2
2025-01-02T05:02:00,,75.349,75.718,72.309,60.943,65.92,83.243,64.565,86.382,72.558,89.32,77.069,2
2025-01-02T05:03:00,66.685,70.661,75.233,72.319,,67.457,84.168,67.287,85.452,71.408,90.594,,2
2025-01-02T05:04:00,61.881,74.107,73.25,73.194,61.81,69.965,83.905,64.481,87.765,71.238,91.703,76.648,2
2025-01-02T05:05:00,62.02,74.796,76.114,,62.547,68.186,85.342,48.746,87.23,71.615,90.001,75.871,2
2025-01-02T05:06:00,58.672,70.244,74.817,69.482,62.247,67.994,82.324,65.066,87.031,71.102,90.567,78.749,2
2025-01-02T05:07:00,64.093,74.349,72.062,74.156,58.955,69.806,83.855,65.609,86.837,70.258,91.112,76.379,2
2025-01-02T05:08:00,63.016,71.547,76.925,,61.713,67.425,83.751,,84.21,68.403,93.011,76.884,2
2025-01-02T05:09:00,61.011,69.2,71.781,66.941,61.166,68.704,83.258,65.786,87.182,67.453,92.318,73.441,2
2025-01-02T05:10:00,61.774,72.985,74.578,69.023,58.545,69.002,82.361,64.237,87.774,69.985,93.184,77.271,2
2025-01-02T05:11:00,59.989,69.943,71.201,69.603,58.231,71.877,84.412,65.843,,69.119,88.387,75.925,2
2025-01-02T05:12:00,61.231,72.39,71.953,69.929,61.26,71.566,83.167,66.219,86.087,69.966,88.987,78.693,2
2025-01-02T05:13:00,60.688,70.633,72.267,,57.687,68.073,80.904,65.515,88.461,66.212,90.055,78.632,2
2025-01-02T05:14:00,57.702,69.879,71.983,66.643,59.707,73.302,80.097,68.761,84.509,69.61,89.127,78.491,2
2025-01-02T05:15:00,58.038,71.172,72.715,69.49,58.956,71.564,83.189,67.5,91.179,68.107,89.46,78.218,2
2025-01-02T05:16:00,58.589,,70.041,66.876,62.872,71.664,79.512,67.8,88.022,72.109,88.076,77.442,2
2025-01-02T05:17:00,57.663,70.096,71.944,66.039,59.548,73.27,78.565,67.171,88.456,69.854,90.391,79.776,2
2025-01-02T05:18:00,57.115,68.514,66.981,66.548,59.669,70.024,78.492,65.977,88.474,71.008,90.252,77.644,2
2025-01-02T05:19:00,53.721,69.091,68.505,64.82,59.976,72.611,78.116,66.363,89.143,72.704,89.857,78.544,2
2025-01-02T05:20:00,55.129,66.166,66.399,65.229,57.751,72.076,79.7,67.946,87.403,71.203,90.69,78.3,2
2025-01-02T05:21:00,53.854,64.951,69.056,63.356,58.855,73.938,78.756,67.448,89.106,70.44,88.749,80.5,2
2025-01-02T05:22:00,51.865,66.342,48.84,63.438,62.324,74.973,80.079,69.054,88.955,69.337,90.455,82.249,2
2025-01-02T05:23:00,55.141,66.45,65.567,61.894,56.459,77.119,81.01,68.465,86.422,68.932,90.965,79.594,2
2025-01-02T05:24:00,53.352,61.641,67.16,64.307,59.424,74.898,76.696,67.092,88.442,68.345,88.058,78.04,2
2025-01-02T05:25:00,55.107,66.505,66.75,60.579,59.568,75.382,78.561,66.461,85.363,68.184,87.929,78.818,2
2025-01-02T05:26:00,54.455,64.133,63.286,63.43,59.811,78.465,78.321,66.785,88.67,70.443,87.959,83.427,2
2025-01-02T05:27:00,54.593,61.424,66.612,60.883,60.035,75.753,,68.154,86.087,70.674,85.806,83.723,2
2025-01-02T05:28:00,54.465,60.763,64.969,62.576,61.973,78.109,78.315,68.043,84.676,69.915,89.203,82.263,2
2025-01-02T05:29:00,53.633,61.487,66.775,62.74,58.284,79.001,74.833,70.618,85.21,71.323,86.926,80.96,2
2025-01-02T05:30:00,52.452,61.215,63.664,62.183,62.975,78.37,73.286,,84.509,72.871,87.189,82.396,2
2025-01-02T05:31:00,52.146,60.561,63.03,62.45,61.061,73.821,75.281,69.038,84.906,70.032,85.814,81.61,2
2025-01-02T05:32:00,52.644,57.457,59.545,61.964,61.59,81.293,75.513,69.711,,71.931,87.205,81.884,2
2025-01-02T05:33:00,51.333,59.936,64.208,58.115,60.975,77.349,72.514,68.446,,71.736,86.113,83.627,2
2025-01-02T05:34:00,52.495,57.695,59.822,58.627,,77.563,73.452,70.4,87.063,73.731,86.879,83.428,2
2025-01-02T05:35:00,50.605,55.433,60.003,58.789,59.894,81.317,73.433,68.614,86.226,73.277,84.695,84.673,2
2025-01-02T05:36:00,55.664,57.607,62.867,57.89,59.696,82.31,74.819,72.896,84.792,72.474,84.853,84.33,2
2025-01-02T05:37:00,50.94,56.319,59.689,58.633,65.236,79.913,71.399,72.532,83.438,94.406,85.247,87.569,2
2025-01-02T05:38:00,53.888,57.496,60.258,58.085,65.156,79.997,74.137,71.193,104.257,74.031,,86.039,2
2025-01-02T05:39:00,52.614,56.12,59.967,57.495,67.489,79.814,72.144,69.461,65.504,74.356,81.888,89.303,2
2025-01-02T05:40:00,51.94,,60.609,55.995,62.117,81.601,68.124,,83.409,72.578,83.795,83.743,2
2025-01-02T05:41:00,50.406,53.59,55.386,59.493,67.601,81.051,72.565,71.297,81.514,,82.783,88.328,2
2025-01-02T05:42:00,51.8,53.581,54.891,,65.064,80.273,70.376,72.859,82.13,76.281,82.647,,2
2025-01-02T05:43:00,53.284,54.101,58.632,60.309,65.702,83.221,72.413,72.773,78.798,77.056,,88.094,2
2025-01-02T05:44:00,53.298,56.519,56.574,57.893,66.982,80.603,69.436,73.316,80.824,77.221,81.55,90.273,2
2025-01-02T05:45:00,51.652,54.29,55.88,57.741,67.104,79.401,69.959,76.756,80.793,76.354,,88.745,2
2025-01-02T05:46:00,53.628,51.829,56.853,57.866,65.663,83.663,68.526,72.981,79.931,74.533,82.777,91.198,2
2025-01-02T05:47:00,55.743,54.393,55.097,57.555,68.692,81.94,70.17,74.52,79.805,77.399,78.21,87.196,2
2025-01-02T05:48:00,73.982,55.921,55.654,,67.267,83.121,67.738,,78.276,79.518,80.729,91.203,2
2025-01-02T05:49:00,54.561,56.516,55.404,57.416,67.382,81.269,65.652,76.621,77.514,75.294,77.633,92.082,2
2025-01-02T05:50:00,55.362,55.382,57.564,60.063,69.662,80.42,66.469,76.551,80.807,79.051,77.968,90.52,2
2025-01-02T05:51:00,56.184,52.685,55.205,56.881,69.698,82.672,65.81,77.49,,78.412,79.226,89.577,2
2025-01-02T05:52:00,56.874,53.081,55.564,59.342,68.645,82.764,68.178,78.025,78.092,79.933,78.112,90.614,2
2025-01-02T05:53:00,58.12,53.589,,59.825,70.968,82.064,65.999,78.413,80.451,80.103,77.394,87.366,2
2025-01-02T05:54:00,55.187,54.388,34.431,57.3,70.394,79.343,64.788,75.582,76.933,79.486,77.617,90.498,2
2025-01-02T05:55:00,56.274,53.743,,61.491,69.244,81.03,43.202,97.674,76.714,80.159,78.275,91.33,2
2025-01-02T05:56:00,58.548,54.093,54.623,58.247,72.846,80.791,66.896,81.837,75.336,80.476,79.57,93.548,2
2025-01-02T05:57:00,59.774,52.562,49.936,57.539,70.81,79.362,65.118,77.893,75.504,80.145,78.255,93.28,2
2025-01-02T05:58:00,60.17,54.822,57.23,59.66,74.474,81.357,66.278,79.081,74.407,79.458,77.441,93.341,2
2025-01-02T05:59:00,60.311,54.975,55.071,64.043,74.898,81.273,62.729,78.625,75.835,82.441,76.569,89.666,2
2025-01-02T06:00:00,62.968,56.711,,57.394,74.478,80.424,,78.843,76.277,81.545,77.733,90.943,2
2025-01-02T06:01:00,60.651,52.913,54.279,59.682,74.239,78.614,61.233,79.801,73.494,81.22,75.138,91.56,2
2025-01-02T06:02:00,62.534,52.722,55.775,60.883,75.552,79.51,,79.06,74.727,83.835,74.413,92.016,2
2025-01-02T06:03:00,64.198,51.718,57.529,62.857,77.438,80.505,63.333,81.694,73.118,83.767,75.73,91.242,2
2025-01-02T06:04:00,63.633,54.146,56.895,61.893,74.522,79.694,64.94,81.836,72.94,,76.551,91.921,2
2025-01-02T06:05:00,67.3,56.881,57.719,65.345,76.304,79.999,63.209,81.918,71.657,84.289,75.342,92.626,2
2025-01-02T06:06:00,66.464,57.798,57.624,63.299,75.576,76.082,61.206,83.708,71.428,81.999,75.438,,2
2025-01-02T06:07:00,65.121,55.616,58.349,64.608,76.537,77.828,63.452,79.719,72.172,85.666,71.79,,2
2025-01-02T06:08:00,45.989,59.586,57.769,62.511,75.225,75.975,66.244,82.438,73.929,84.528,72.018,94.409,2
2025-01-02T06:09:00,66.103,57.011,59.79,64.292,76.947,76.844,63.243,82.319,72.122,86.665,74.063,95.058,2
2025-01-02T06:10:00,66.975,57.101,58.121,65.759,76.815,77.61,62.238,82.62,72.114,86.112,,93.895,2
2025-01-02T06:11:00,68.388,58.924,58.576,67.969,78.338,78.444,65.476,84.995,52.894,82.445,73.033,93.688,2
2025-01-02T06:12:00,66.85,58.333,59.153,64.634,77.853,79.469,66.629,85.74,69.363,88.721,74.196,93.925,2
2025-01-02T06:13:00,69.67,57.893,60.442,66.379,77.793,75.588,63.673,84.891,69.751,88.065,73.139,95.824,2
2025-01-02T06:14:00,70.996,63.132,60.901,65.725,80.683,74.404,62.785,82.441,70.976,85.895,72.323,94.978,2
2025-01-02T06:15:00,69.024,42.74,62.481,64.835,78.942,75.573,64.993,83.634,69.788,88.554,71.72,91.529,2
2025-01-02T06:16:00,72.26,62.091,,70.171,82.314,76.007,,84.69,,86.859,74.563,94.902,2
2025-01-02T06:17:00,,61.14,59.411,70.896,78.393,91.057,,82.514,72.156,88.159,73.23,94.087,2
2025-01-02T06:18:00,,59.744,63.66,,81.127,74.581,65.938,85.177,73.114,,72.044,,2
2025-01-02T06:19:00,72.386,59.401,62.886,69.338,,74.061,63.879,86.18,68.694,85.2,70.783,90.879,2
2025-01-02T06:20:00,72.929,60.535,64.404,70.004,80.282,71.5,65.208,84.77,70.118,89.137,70.835,95.208,2
2025-01-02T06:21:00,71.076,68.168,61.994,70.471,81.251,72.7,62.574,82.319,68.844,88.294,73.354,93.488,2
2025-01-02T06:22:00,74.247,62.998,66.601,73.46,77.759,74.872,64.029,86.87,68.831,89.698,73.439,90.95,2
2025-01-02T06:23:00,70.634,65.118,63.871,72.43,77.361,71.036,65.762,85.227,69.779,89.914,,90.819,2
2025-01-02T06:24:00,69.249,67.189,63.72,72.162,80.933,68.042,63.527,82.184,70.157,88.461,73.983,,2
2025-01-02T06:25:00,72.188,66.343,69.364,72.547,80.142,68.687,65.112,85.617,68.823,88.21,72.46,93.787,2
2025-01-02T06:26:00,71.925,68.343,66.991,,80.506,71.262,66.179,84.977,70.867,87.707,70.011,94.527,2
2025-01-02T06:27:00,,66.742,66.101,72.04,80.506,68.926,67.063,83.316,66.735,91.339,71.223,92.977,2
2025-01-02T06:28:00,88.253,67.565,67.175,73.45,79.315,67.363,68.302,84.958,68.931,92.978,70.996,93.257,2
2025-01-02T06:29:00,71.609,69.431,67.088,72.508,77.807,68.746,66.08,87.025,68.516,90.036,72.092,92.946,2
2025-01-02T06:30:00,72.145,70.639,67.773,73.148,80.034,67.129,66.219,85.904,67.937,90.325,72.818,91.086,2
2025-01-02T06:31:00,72.656,70.554,71.036,73.024,79.992,66.36,65.906,85.673,67.776,90.354,74.058,90.526,2
2025-01-02T06:32:00,,67.696,68.006,72.921,82.118,66.367,66.121,83.949,68.389,88.738,72.162,91.729,2
2025-01-02T06:33:00,69.4,70.356,70.981,76.403,77.913,68.358,64.874,63.738,66.415,,73.006,91.542,2
2025-01-02T06:34:00,68.953,70.05,72.264,77.443,77.146,68.25,89.723,,69.383,89.189,74.253,89.728,2
2025-01-02T06:35:00,70.548,71.529,72.709,76.329,79.411,66.281,,83.169,65.682,91.283,70.709,,2
2025-01-02T06:36:00,68.565,71.743,71.99,77.649,76.924,67.481,69.611,65.662,,88.281,73.82,92.316,2
2025-01-02T06:37:00,70.015,73.59,72.448,74.023,78.529,66.77,72.77,85.103,,90.449,71.996,88.344,2
2025-01-02T06:38:00,66.643,73.88,73.141,,77.936,66.509,70.382,83.2,66.653,88.248,72.471,92.407,2
2025-01-02T06:39:00,66.209,70.286,72.013,76.402,55.76,62.98,72.046,81.723,65.725,,51.609,90.087,2
2025-01-02T06:40:00,67.764,71.922,74.235,77.67,77.68,66.099,70.136,80.582,67.098,90.505,73.082,91.567,2
2025-01-02T06:41:00,67.092,74.614,72.787,76.589,77.983,63.737,72.279,84.744,68.147,89.837,72.731,87.997,2
2025-01-02T06:42:00,65.459,72.194,75.795,78.717,76.577,61.947,69.37,84.517,67.339,87.173,72.201,88.831,2
2025-01-02T06:43:00,65.385,74.729,74.052,78.759,75.939,62.12,72.742,83.19,66.77,88.265,70.03,90.52,2
2025-01-02T06:44:00,67.453,72.843,75.101,78.621,75.578,62.511,72.957,80.564,69.611,109.958,73.35,89.835,2
2025-01-02T06:45:00,65.271,74.478,76.416,77.096,73.836,63.358,75.056,81.203,69.436,88.813,73.236,87.849,2
2025-01-02T06:46:00,67.649,74.764,73.898,78.222,76.728,62.521,74.581,81.387,70.061,89.121,73.328,,2
2025-01-02T06:47:00,62.415,73.173,73.664,81.165,74.869,61.245,74.449,81.622,70.973,90.912,,85.186,2
2025-01-02T06:48:00,65.655,71.91,73.698,79.12,71.011,60.761,73.668,80.763,70.841,87.634,73.919,86.254,2
2025-01-02T06:49:00,39.394,72.934,76.17,,,61.674,73.87,78.623,70.269,88.83,77.147,87.502,2
2025-01-02T06:50:00,80.134,74.946,75.558,75.729,70.078,60.732,73.554,82.534,67.362,89.126,73.612,86.538,2
2025-01-02T06:51:00,61.586,70.955,76.179,77.218,72.827,63.142,76.262,83.367,70.638,88.581,76.406,87.862,2
2025-01-02T06:52:00,63.286,72.588,76.229,75.377,71.743,63.661,,79.053,69.48,88.623,75.566,86.085,2
2025-01-02T06:53:00,61.773,74.122,77.214,77.125,70.179,59.493,76.783,79.528,70.094,90.777,76.923,85.299,2
2025-01-02T06:54:00,57.164,73.157,,,69.712,62.111,74.383,79.996,69.74,87.785,76.121,84.079,2
2025-01-02T06:55:00,58.212,,75.367,75.686,69.082,61.688,74.463,78.458,,88.371,76.196,86.789,2
2025-01-02T06:56:00,57.316,73.383,76.512,74.682,68.953,64.497,78.006,,72.519,85.713,75.882,86.433,2
2025-01-02T06:57:00,59.632,72.241,73.923,78.294,68.446,42.733,78.915,75.987,,87.214,77.095,86.16,2
2025-01-02T06:58:00,60.43,,76.558,75.563,,62.671,81.086,78.664,75.212,85.329,80.819,83.336,2
2025-01-02T06:59:00,51.904,69.87,75.137,73.561,87.121,60.859,79.988,76.411,75.084,87.261,75.727,83.181,2
2025-01-02T07:00:00,54.01,70.794,76.383,76.022,64.373,60.813,81.098,75.154,75.162,83.678,75.458,83.704,2
2025-01-02T07:01:00,52.184,71.914,76.012,75.772,67.247,62.626,80.373,77.628,75.076,86.027,77.453,84.417,2
2025-01-02T07:02:00,55.064,69.09,74.798,73.736,63.408,60.238,79.532,76.437,72.589,82.171,80.323,80.907,2
2025-01-02T07:03:00,53.686,66.041,74.361,73.5,68.338,61.764,79.651,76.307,74.187,83.368,76.905,83.012,2
2025-01-02T07:04:00,53.953,65.021,75.421,71.68,64.677,62.122,78.631,75.718,73.974,82.159,77.501,,2
2025-01-02T07:05:00,52.649,67.619,72.3,72.662,63.03,43.287,79.762,75.657,71.565,83.385,78.703,82.33,2
2025-01-02T07:06:00,55.713,64.508,73.583,74.14,63.367,83.656,82.299,75.251,73.227,83.441,81.453,81.182,2
2025-01-02T07:07:00,51.342,67.792,72.458,72.783,64.749,63.691,82.056,71.621,76.035,81.626,80.818,79.838,2
2025-01-02T07:08:00,53.107,66.791,70.942,68.976,61.911,64.493,80.69,76.048,77.345,81.962,83.076,80.965,2
2025-01-02T07:09:00,49.286,62.595,71.939,72.758,67.227,63.028,82.928,74.217,75.327,81.264,84.198,80.273,2
2025-01-02T07:10:00,53.369,64.195,70.016,71.279,61.874,64.272,81.015,70.93,76.239,81.04,82.552,82.718,2
2025-01-02T07:11:00,,62.683,72.71,69.244,64.833,60.892,,,79.39,81.617,82.662,80.686,2
2025-01-02T07:12:00,49.443,62.273,67.939,68.363,,64.527,81.089,69.867,,83.229,80.921,78.442,2
2025-01-02T07:13:00,,64.372,68.674,68.631,63.404,63.066,83.672,71.304,79.245,78.507,83.464,82.983,2
2025-01-02T07:14:00,53.772,60.778,70.653,,62.444,63.889,84.108,71.319,61.041,80.355,83.88,79.601,2
2025-01-02T07:15:00,52.563,64.138,72.895,49.29,61.239,67.59,81.18,70.374,76.734,77.664,83.851,78.263,2
2025-01-02T07:16:00,53.992,61.729,68.905,67.422,61.584,67.4,81.842,70.284,77.943,76.322,,77.999,2
2025-01-02T07:17:00,50.367,58.152,66.772,67.261,58.272,64.059,83.572,69.531,79.807,78.091,85.112,77.511,2
2025-01-02T07:18:00,51.421,61.162,67.214,,60.189,65.414,83.599,67.103,80.402,79.777,85.228,79.0,2
2025-01-02T07:19:00,54.084,58.286,64.536,67.141,60.673,69.544,83.745,68.506,80.961,77.891,85.3,76.358,2
2025-01-02T07:20:00,52.445,60.441,65.294,66.304,83.348,69.167,85.812,,79.955,79.259,84.587,77.305,2
2025-01-02T07:21:00,50.07,58.944,67.342,63.703,58.329,67.329,83.412,69.459,84.367,78.34,85.277,76.386,2
2025-01-02T07:22:00,51.773,57.78,65.239,62.98,61.6,71.816,83.043,71.17,80.374,78.494,84.25,75.95,2
2025-01-02T07:23:00,52.782,58.046,65.613,64.843,62.472,68.819,83.552,66.597,82.455,76.756,86.801,77.49,2
2025-01-02T07:24:00,52.039,56.413,62.74,66.795,61.043,67.462,82.437,69.92,80.715,73.908,88.911,73.066,2
2025-01-02T07:25:00,53.465,55.455,64.781,63.906,61.695,67.703,83.124,69.538,81.683,75.051,103.558,74.988,2
2025-01-02T07:26:00,53.62,56.626,62.355,,,,82.666,68.762,84.543,73.756,88.878,74.98,2
2025-01-02T07:27:00,52.481,55.426,63.551,62.932,60.684,70.019,82.569,66.757,83.279,74.476,86.796,73.349,2
2025-01-02T07:28:00,54.025,53.746,62.125,62.179,58.67,71.177,82.627,65.897,83.957,74.826,86.86,75.261,2
2025-01-02T07:29:00,54.568,57.191,61.0,61.106,60.81,71.897,81.118,69.007,87.533,77.202,87.475,78.246,2
2025-01-02T07:30:00,54.032,52.875,63.483,60.983,,72.318,82.99,64.699,85.014,73.224,87.116,72.33,2
2025-01-02T07:31:00,75.196,55.342,60.195,63.303,59.195,71.84,84.477,67.946,,72.264,88.191,73.565,2
2025-01-02T07:32:00,58.56,51.855,61.35,63.714,60.755,73.127,85.004,68.328,83.506,71.563,90.204,74.038,2
2025-01-02T07:33:00,57.364,54.652,57.661,59.172,58.558,,,61.469,82.695,72.573,92.452,73.792,2
2025-01-02T07:34:00,60.047,57.514,59.934,57.972,58.293,72.652,,66.795,83.267,72.236,90.988,75.172,2
2025-01-02T07:35:00,59.355,54.727,57.125,59.652,61.322,,79.461,67.448,85.089,74.461,91.515,72.415,2
2025-01-02T07:36:00,,54.365,57.371,59.513,59.797,75.848,83.656,64.678,86.245,72.077,90.407,76.524,2
2025-01-02T07:37:00,60.59,69.722,57.375,55.369,60.804,74.491,80.588,64.913,,69.489,89.4,73.025,2
2025-01-02T07:38:00,60.674,52.787,,57.108,63.624,75.994,,64.324,87.202,68.681,87.266,74.752,2
2025-01-02T07:39:00,60.744,52.73,53.894,59.766,57.867,77.742,,66.357,85.811,73.533,90.464,73.595,2
2025-01-02T07:40:00,59.92,52.804,55.752,60.048,60.603,,81.404,64.044,87.675,71.714,70.501,73.189,2
2025-01-02T07:41:00,62.954,54.415,56.221,80.868,59.611,75.788,79.109,65.376,85.948,69.799,91.022,73.818,2
2025-01-02T07:42:00,63.957,53.162,55.627,62.192,62.928,75.181,79.002,63.983,86.799,73.773,95.512,74.638,2
2025-01-02T07:43:00,63.983,54.656,58.582,56.739,62.294,79.527,76.995,65.293,86.818,70.124,90.888,,2
2025-01-02T07:44:00,62.951,51.516,56.355,56.358,61.496,80.49,78.091,66.594,88.362,71.372,92.854,74.855,2
2025-01-02T07:45:00,64.095,52.905,56.874,59.413,63.322,78.012,80.405,64.212,86.897,73.265,91.632,73.053,2
2025-01-02T07:46:00,63.686,53.568,56.746,60.392,60.878,,80.239,65.641,86.334,71.139,91.803,74.017,2
2025-01-02T07:47:00,67.043,53.672,,56.569,66.744,81.681,78.285,65.253,87.554,72.107,94.251,75.898,2
2025-01-02T07:48:00,64.389,57.408,55.446,57.055,63.557,77.759,79.168,64.449,85.894,,92.79,70.559,2
2025-01-02T07:49:00,65.655,55.821,58.018,58.026,63.579,81.444,78.941,63.629,85.939,68.773,90.714,72.636,2
2025-01-02T07:50:00,67.611,56.76,56.584,56.558,62.111,80.069,77.79,69.183,90.677,,93.69,74.942,2
2025-01-02T07:51:00,68.596,57.731,56.418,57.153,66.04,78.481,75.9,67.826,87.067,70.227,90.695,75.219,2
2025-01-02T07:52:00,68.811,54.628,57.479,57.778,68.808,81.388,77.112,68.131,86.061,69.899,92.614,74.545,2
2025-01-02T07:53:00,68.928,56.201,54.813,59.625,65.519,,74.115,68.141,87.473,69.966,92.191,73.509,2
2025-01-02T07:54:00,68.895,56.492,55.457,61.779,64.661,82.319,76.005,67.921,,71.204,91.753,75.299,2
2025-01-02T07:55:00,,55.995,54.915,,68.356,81.665,73.129,65.942,86.894,69.833,91.496,76.207,2
2025-01-02T07:56:00,71.538,59.9,56.559,58.386,66.216,84.372,73.009,69.017,88.989,70.736,92.213,74.618,2
2025-01-02T07:57:00,70.983,58.615,55.363,57.46,68.609,79.849,71.508,67.88,89.685,69.214,94.799,54.769,2
2025-01-02T07:58:00,70.19,56.529,54.712,58.021,66.999,80.444,75.037,68.074,89.478,69.523,91.521,74.815,2
2025-01-02T07:59:00,71.602,57.721,56.888,59.898,69.129,81.436,73.222,,87.703,68.614,90.212,73.476,2
2025-01-02T08:00:00,72.455,59.148,54.101,59.949,69.789,79.373,73.463,69.678,86.523,70.831,90.477,76.041,2
2025-01-02T08:01:00,71.538,60.604,59.85,62.089,69.822,81.101,70.574,69.519,86.835,68.219,,75.94,2
2025-01-02T08:02:00,67.489,62.918,56.479,62.326,69.117,83.093,71.758,71.164,,72.837,89.31,76.143,2
2025-01-02T08:03:00,70.144,59.144,57.445,62.855,73.261,81.718,73.234,70.76,88.156,71.336,93.387,77.022,2
2025-01-02T08:04:00,71.697,60.605,57.999,61.693,71.765,84.165,69.452,71.512,84.283,69.001,91.797,78.925,2
2025-01-02T08:05:00,70.781,63.435,57.486,59.867,73.651,82.778,72.46,66.86,86.169,69.505,92.382,75.55,2
2025-01-02T08:06:00,74.43,65.16,60.705,62.669,74.262,82.072,67.831,69.075,84.425,70.264,91.576,74.019,2
2025-01-02T08:07:00,70.859,65.811,58.278,67.439,74.327,81.309,68.018,69.044,84.409,68.489,89.568,77.171,2
2025-01-02T08:08:00,71.285,64.814,57.599,62.34,75.063,80.606,71.028,73.298,84.645,70.984,89.84,75.632,2
2025-01-02T08:09:00,72.742,65.817,63.85,65.61,73.934,78.855,68.109,72.684,85.495,68.169,88.135,76.761,2
2025-01-02T08:10:00,72.661,68.382,61.602,,72.659,85.5,69.908,73.488,87.514,72.025,89.779,76.588,2
2025-01-02T08:11:00,70.795,68.905,62.153,64.437,74.017,79.763,70.477,74.844,83.805,71.368,91.134,79.275,2
2025-01-02T08:12:00,69.325,70.284,65.31,66.317,76.227,80.971,66.223,75.485,85.898,70.125,88.398,80.884,2
2025-01-02T08:13:00,70.513,67.268,62.299,64.562,75.838,80.483,67.186,74.989,82.544,71.373,89.16,79.155,2
2025-01-02T08:14:00,67.133,67.902,60.564,65.458,76.734,81.998,69.817,75.74,82.923,68.394,88.548,79.12,2
2025-01-02T08:15:00,69.106,70.291,63.258,66.355,75.951,79.052,66.989,72.122,81.838,72.62,,79.534,2
2025-01-02T08:16:00,71.271,69.847,65.482,67.65,79.663,77.204,70.116,74.184,80.644,72.76,86.263,81.479,2
2025-01-02T08:17:00,70.872,67.468,67.432,68.783,77.797,79.221,64.442,78.162,78.336,72.628,89.523,78.712,2
2025-01-02T08:18:00,46.671,70.651,68.752,69.047,79.179,81.871,65.762,78.792,83.878,73.06,88.474,83.007,2
2025-01-02T08:19:00,67.787,67.713,69.062,70.747,75.931,80.326,65.149,79.279,,76.305,87.576,82.926,2
2025-01-02T08:20:00,67.484,69.443,68.418,70.036,78.62,,65.219,,79.209,75.312,66.957,80.976,2
2025-01-02T08:21:00,69.481,71.301,66.528,68.891,77.383,79.051,66.496,79.149,83.049,73.879,85.743,79.947,2
2025-01-02T08:22:00,66.173,70.726,68.102,71.049,,80.071,63.592,79.496,80.325,74.318,84.658,82.844,2
2025-01-02T08:23:00,67.415,48.717,67.752,69.503,77.572,76.199,64.073,79.704,79.563,73.925,85.276,80.688,2
2025-01-02T08:24:00,67.859,72.279,68.467,71.266,80.565,77.026,63.775,77.746,78.623,74.825,84.897,85.319,2
2025-01-02T08:25:00,63.66,74.593,69.125,73.905,77.867,74.966,66.853,81.938,82.425,76.119,87.486,82.041,2
2025-01-02T08:26:00,65.628,94.585,71.193,71.036,,76.98,63.085,78.281,81.216,73.122,84.086,80.84,2
2025-01-02T08:27:00,66.188,73.563,71.164,69.305,81.314,78.97,65.432,79.724,82.008,74.35,83.429,84.861,2
2025-01-02T08:28:00,62.734,72.221,70.627,76.255,77.215,77.549,65.725,79.429,78.752,75.059,86.347,83.437,2
2025-01-02T08:29:00,61.711,74.837,71.88,74.555,79.635,78.256,65.162,79.619,79.891,80.873,84.494,86.966,2
2025-01-02T08:30:00,62.256,73.56,70.541,75.013,80.19,76.909,63.648,79.718,76.128,79.137,84.4,84.028,2
2025-01-02T08:31:00,59.825,73.147,70.793,76.55,80.855,74.006,62.181,83.916,79.646,,83.596,84.296,2
2025-01-02T08:32:00,,74.988,72.359,73.361,79.685,74.148,61.49,83.787,75.361,78.322,83.714,88.269,2
2025-01-02T08:33:00,59.317,74.828,,55.01,79.732,72.137,,86.307,76.863,77.887,85.353,86.295,2
2025-01-02T08:34:00,60.446,73.321,72.146,79.301,79.002,72.954,66.242,101.208,76.187,79.241,,88.647,2
2025-01-02T08:35:00,57.48,72.221,75.093,78.244,81.844,,63.919,63.919,74.995,,79.138,82.981,2
2025-01-02T08:36:00,58.315,74.28,74.399,77.414,79.468,71.58,64.148,81.625,76.167,80.103,80.892,87.065,2
2025-01-02T08:37:00,,74.996,73.987,78.648,,73.277,64.524,84.398,73.925,80.463,80.01,89.617,2
2025-01-02T08:38:00,,73.207,76.177,76.185,76.901,70.373,,82.941,74.533,81.467,78.406,89.564,2
2025-01-02T08:39:00,56.545,73.715,73.435,74.901,,70.902,59.93,84.982,73.434,82.303,82.87,90.183,2
2025-01-02T08:40:00,53.429,71.807,76.554,78.707,78.025,67.113,67.11,85.501,72.953,81.356,79.837,87.481,2
2025-01-02T08:41:00,55.018,75.424,93.628,79.296,77.502,68.117,62.748,82.83,73.511,84.532,79.601,87.901,2
2025-01-02T08:42:00,53.879,75.023,76.273,76.051,77.001,68.889,,85.963,72.414,86.315,,89.113,2
2025-01-02T08:43:00,55.718,72.348,94.999,79.445,79.032,68.403,64.866,87.886,72.549,83.608,77.677,88.97,2
2025-01-02T08:44:00,51.437,73.17,75.907,77.695,77.08,69.165,65.308,85.595,75.449,82.854,80.22,91.521,2
2025-01-02T08:45:00,56.234,70.609,76.785,76.729,76.707,68.801,64.502,84.608,71.727,84.08,79.353,91.622,2
2025-01-02T08:46:00,51.734,71.916,72.529,79.874,77.17,,66.569,,71.8,84.376,80.299,89.524,2
2025-01-02T08:47:00,55.759,71.188,74.591,76.723,79.077,65.954,66.405,81.253,73.657,85.398,79.118,93.415,2
2025-01-02T08:48:00,53.903,68.541,73.99,77.968,79.916,65.068,65.004,86.326,72.407,82.762,79.291,94.226,2
2025-01-02T08:49:00,54.562,,75.764,77.094,78.869,65.604,67.806,83.199,,82.83,77.197,91.996,2
2025-01-02T08:50:00,55.271,66.599,76.054,77.495,77.124,66.59,65.997,86.343,71.882,,76.406,90.069,2
2025-01-02T08:51:00,53.42,69.033,,78.213,75.727,65.199,69.943,86.397,70.583,86.787,76.165,89.88,2
2025-01-02T08:52:00,54.278,68.039,75.178,77.323,74.243,66.7,68.409,87.973,69.004,,77.785,89.87,2
2025-01-02T08:53:00,53.301,68.026,75.604,77.308,77.638,67.005,66.087,85.503,66.212,86.503,74.58,90.393,2
2025-01-02T08:54:00,49.4,65.648,75.893,73.271,72.784,63.728,66.306,85.948,69.46,87.465,76.648,94.22,2
2025-01-02T08:55:00,52.387,66.811,74.948,78.226,74.496,65.545,46.023,86.67,69.823,85.153,76.741,93.887,2
2025-01-02T08:56:00,50.87,66.961,76.415,78.815,73.424,64.029,69.063,86.556,67.613,86.615,72.605,95.105,2
2025-01-02T08:57:00,55.791,64.446,75.42,75.783,73.368,,66.056,85.718,,86.241,75.733,91.86,2
2025-01-02T08:58:00,52.918,66.62,72.608,77.347,71.795,64.584,,85.355,68.37,89.672,76.756,90.38,2
2025-01-02T08:59:00,51.124,65.528,71.428,74.367,72.43,63.349,68.721,86.387,68.836,87.873,72.838,92.404,2
2025-01-02T09:00:00,52.221,65.451,73.887,74.448,70.405,63.003,70.576,86.225,65.838,89.188,75.645,92.983,2
2025-01-02T09:01:00,51.49,65.127,74.322,75.703,72.897,62.429,70.956,83.754,68.947,88.157,71.834,92.188,2
2025-01-02T09:02:00,54.856,63.178,70.113,72.125,70.062,63.4,70.175,86.416,67.709,87.364,71.872,93.936,2
2025-01-02T09:03:00,,60.275,72.294,73.969,70.22,62.628,70.066,,66.925,89.73,73.246,93.453,2
2025-01-02T09:04:00,51.532,60.22,70.288,72.903,70.736,63.032,72.084,83.088,68.252,89.15,74.5,92.812,2
2025-01-02T09:05:00,55.11,59.022,72.285,71.985,70.899,61.471,72.382,86.062,66.252,88.659,72.791,91.664,2
2025-01-02T09:06:00,53.335,61.681,68.401,73.526,70.621,62.917,73.886,85.826,68.46,89.057,72.414,95.002,2
2025-01-02T09:07:00,55.213,59.396,71.046,72.149,67.988,60.585,71.357,82.529,69.578,90.92,73.756,93.227,2
2025-01-02T09:08:00,57.576,60.859,69.558,71.683,66.914,62.038,75.1,83.824,67.718,87.365,74.349,95.141,2
2025-01-02T09:09:00,54.218,58.87,68.329,72.797,65.566,63.228,76.481,82.025,69.774,86.586,73.157,93.989,2
2025-01-02T09:10:00,56.861,57.424,65.227,,66.456,62.611,74.733,82.715,69.567,87.808,72.199,93.644,2
2025-01-02T09:11:00,56.381,58.899,70.021,73.874,68.667,59.74,76.476,85.068,66.805,87.808,73.573,94.669,2
2025-01-02T09:12:00,57.484,53.392,67.782,69.87,65.826,60.909,76.115,83.572,69.848,89.241,73.652,95.13,2
2025-01-02T09:13:00,57.035,57.449,69.153,73.256,63.473,61.919,75.592,83.172,67.28,86.681,72.105,95.172,2
2025-01-02T09:14:00,56.61,55.722,66.14,68.629,63.405,62.688,77.032,81.892,68.626,87.769,70.486,93.693,2
2025-01-02T09:15:00,58.359,56.612,64.56,67.523,64.908,41.916,,80.312,68.102,91.693,74.19,95.379,2
2025-01-02T09:16:00,60.32,54.812,,70.74,64.861,59.199,77.699,82.871,69.132,89.003,73.048,93.307,2
2025-01-02T09:17:00,60.792,53.28,66.254,,61.488,62.303,78.706,82.903,66.711,88.916,70.19,93.233,2
2025-01-02T09:18:00,60.907,56.927,65.18,67.495,66.985,61.93,,,69.256,,70.85,94.262,2
2025-01-02T09:19:00,,54.601,62.153,67.572,64.239,62.983,77.21,79.622,67.603,91.284,73.133,95.641,2
